中文名,英文名,建议摄入量,不适宜人群,简介
吡咯并喹啉醌二钠盐,翻译暂缺,推荐食用量：≤20毫克/天,婴幼儿、孕妇和哺乳期妇女,暂无介绍
肠膜明串珠菌乳脂亚种,翻译暂缺,暂无数据,均适宜,肠膜明串珠菌乳脂亚种是Leuconostoc属的微生物，原产地为中国。
油莎豆,翻译暂缺,暂无数据,均适宜,油莎草（Cyperus esculentus var. sativus Boeckeler），是莎草科莎草属 多年生草本植物。油莎草根状茎多而细长，先端有膨大的块茎；杆直立，粗壮，光滑，茎圆筒形，由叶片包裹而成；叶片表面光滑柔软，叶鞘淡褐色；穗状花序呈圆柱形或稍扁平；小坚果矩圆形，灰褐色； 花期７月。
桃胶,Peach gum,推荐食用量：≤30 克/天,婴幼儿、孕妇和哺乳期妇女,桃胶，又名桃花泪 、桃树脂 ，是蔷薇科植物桃Prunus persica（L.）Batsch 或山桃Prunus davidiana（Carr.）Franch等树皮中分泌的红褐色或黄褐色树胶物质，其70%～80%的成分为桃胶多糖。 广义上讲，杏树、樱桃树等蔷薇科植物分泌的胶状物也可以叫桃胶。
氯化高铁血红素,翻译暂缺,1-3岁人群，每日用量最低值1.5mg（以Fe计），最高值7.0mg（以Fe计）；,均适宜,氯化血红素是天然血红素的体外纯化形式，一般都是从动物血液中分离，提纯出来的。血红素铁是纯天然的生物补铁剂， 具有生物利用度高、无体内铁蓄积中毒及胃肠刺激等不良反应等优点。专家试验证实，血红素铁在小肠内的吸收率高达25%～30%(非血红素铁约为3%～8%)，无任何副反应，且不受膳食及其它因素影响，是理想的补铁剂。因其可被开发为保健食品、饮料而越来越受到人们的青睐。同时血红素还是抗贫血和抗肿瘤药物的重要原材料，美国FDA已于1983年7月正式批准雅培公司的氯化血红素作为药品使用 。
二十二碳六烯酸油脂,翻译暂缺,成人，每日用量最低值200mg（以C,均适宜,暂无介绍
酪蛋白磷酸肽+钙,翻译暂缺,1-3岁人群，每日用量最低值120mg（以Ca计），最高值500mg（以Ca计）；,均适宜,暂无介绍
维生素K2（合成法）,翻译暂缺,4-6岁人群，每日用量最低值10μg（以七烯甲萘醌计），最高值60μg（以七烯甲萘醌计）；,均适宜,暂无介绍
大豆分离蛋白,SOY PROTEIN ISOLATE,蛋白质6-25g,少年儿童,大豆分离蛋白是在低温条件下将豆粕（除去油和水溶性非蛋白成分）放入碱性溶液中浸提，然后沉淀、洗涤、干燥得到蛋白含量大于 90%的蛋白粉，其结构和性质基本代替纯的大豆蛋白。 大豆分离蛋白氨基酸种类有近20种，并含有人体必需氨基酸。其营养丰富，不含胆固醇，是植物蛋白中为数不多的可替代动物蛋白的品种之一。
乳清蛋白,whey protein,蛋白质6-25g,少年儿童,乳清蛋白（whey protein）是从牛奶中提取的一种蛋白质，具有营养价值高、易消化吸收、含有多种活性成分等特点，是公认的人体优质蛋白质补充剂之一。
文冠果叶,翻译暂缺,推荐食用量：≤6克/天,婴幼儿、孕妇和哺乳期妇女,暂无介绍
文冠果种仁,翻译暂缺,暂无数据,婴幼儿、孕妇和哺乳期妇女,暂无介绍
鸡肉咪唑二肽粉（后更名为鸡肉浓缩粉）,翻译暂缺,暂无数据,均适宜,暂无介绍
枇杷叶,翻译暂缺,≤10克/天,均适宜,枇杷叶(学名：Eriobotrya japonica Thunb.)为蔷薇科植物枇杷的叶子。又名巴叶、芦桔叶（《中药材手册》）。有清肺止咳，和胃利尿，止渴的功效。有治疗肺热痰嗽，咳血，衄血，胃热呕哕作用。
黑麦花粉,翻译暂缺,≤1.5克/天（推荐食用量）,婴幼儿、孕妇、哺乳期妇女，以及花粉过敏者,暂无介绍
蓝莓花色苷,Blueberry Anthocyanins,≤800 毫克/天（推荐食用量）,婴幼儿、孕妇和哺乳期妇女不宜食用,"蓝莓花色苷是以杜鹃花科越橘属蓝莓的果实为原料, 经酶解、水提取、纯化、浓缩、干燥等工艺制成的粉状物质。"
红糖低聚果糖（后更名为低聚果糖（红糖来源））,翻译暂缺,暂无数据,均适宜,暂无介绍
假肠膜明串珠菌,翻译暂缺,暂无数据,均适宜,假肠膜明串珠菌是Leuconostoc属的微生物，原产地为中国。
瓜蒌子,翻译暂缺,暂无数据,均适宜,栝楼子，中药名。为葫芦科植物栝楼Trichosanthes kirilowii Maxim.及中华栝楼Trichosanthes rosthornii Harms的的成熟种子。栝楼分布于华北、中南、华东及辽宁、陕西、甘肃、四川、贵州、云南。中华栝楼分布于甘肃东南部、陕西南部、江西、湖北西南部，四川东部、贵州、云南东北部。具有清肺化痰，滑肠通便之功效。常用于痰热咳嗽，肺虚燥咳，肠燥便秘，痈疮肿毒。
N-乙酰神经氨酸（唾液酸）（后更名为N-乙酰神经氨酸）,翻译暂缺,暂无数据,均适宜,暂无介绍
金莲花,翻译暂缺,暂无数据,均适宜,金莲花（Trollius chinensis Bunge），毛茛科金莲花属多年生草本植物。 基生叶是五角形状，三全裂，边缘呈现锯齿状；两侧的裂片二深裂接近底部；萼片黄色，椭圆状卵形或倒卵形；花瓣属于窄而长；金黄色的花单生或者两三朵组成花序；种子近似倒卵形，是光滑的黑色；花期6~7月，果期8~9月。 因其叶片酷似小型莲叶，花色又是艳丽的金黄色，故而得名“金莲花”。
甘蔗多酚,翻译暂缺,≤1 克/天（粉体）；≤10 克/天（液体）（总多酚含量为 200 g/kg 的粉体推荐食用量为 1 克/天，总多酚含量为 14.8 g/kg 的液体推荐食用量为 10 克/天，超过上述含量的按照实际含量折算）,婴幼儿、孕妇及哺乳期妇女,暂无介绍
长双歧杆菌长亚种 BB536,翻译暂缺,暂无数据,均适宜,暂无介绍
莱茵衣藻,Chlamydomonas reinhardi,暂无数据,均适宜,莱茵衣藻（拉丁学名 ：Chlamydomonas reinhardtii ，又称“莱氏衣藻” 、“莱哈衣藻” ，简称“衣藻” ）。
吡咯并喹啉醌二钠盐,翻译暂缺,≤20 毫克/天,婴幼儿、孕妇和哺乳期妇女不宜食用,暂无介绍
关山樱花,翻译暂缺,暂无数据,婴幼儿、孕妇和哺乳期妇女不宜食用,暂无介绍
食叶草,翻译暂缺,暂无数据,婴幼儿、孕妇、哺乳期妇女不宜食用,食叶草
拟微球藻,翻译暂缺,≤2克/天（以干品计）,婴幼儿、孕妇及哺乳期妇女不宜食用,拟微球藻， 又叫微拟球藻，或微绿球藻、眼状微拟球藻等， 含有二十碳五烯酸（EPA）等营养成分。2021年4月由国家卫健委批准为新食品原料。
鼠李糖乳杆菌MP108,翻译暂缺,暂无数据,均适宜,鼠李糖乳杆菌MP108（Lactobacillus?rhamnosus?MP108）从健康幼儿肠道分离得到，菌粉性状为白色至微棕色粉末，是锦旗生物五大明星菌株之一 ，含有该菌株的产品已在澳大利亚生产并上市，可用于婴幼儿食品。国内外开展的多项婴幼儿临床研究证明，该菌株具有较好的食用安全性 。
二氢槲皮素,Taxifolin,≤100毫克/天,婴幼儿、儿童（14岁及以下）、孕妇、哺乳期妇女不宜食用,紫杉叶素，学名为二氢槲皮素，存在于许多植物中，如橄榄油、葡萄、柑橘类水果、洋葱、松树(新疆落叶松、西藏长叶松和雪松等)、红豆杉、水飞蓟、樱桃、蚊母树、刺玫蔷薇等。
"β-1,3/α-1,3-葡聚糖",翻译暂缺,≤3克/天,婴幼儿、孕妇及哺乳期妇女不宜食用,暂无介绍
冬虫夏草,翻译暂缺,暂无数据,均适宜,冬虫夏草，中药名。为肉座菌目麦角菌科虫草属真菌冬虫夏草菌Cordyceps sinensis( BerK.)Sacc.寄生在蝙蝠蛾科昆虫幼虫上的子座及幼虫的尸体的复合体。具有补肾益肺，止血化痰功效。主治腰膝酸痛、久咳虚喘、劳嗽痰血。
雨生红球藻油（虾青素油）,翻译暂缺,暂无数据,均适宜,暂无介绍
堇叶碎米荠,翻译暂缺,暂无数据,均适宜,露珠碎米荠（Cardamine circaeoides Hook. f. & Thomson）即堇叶碎米荠，是十字花科碎米荠属多年生草本植物。露珠碎米荠茎、根状茎细长，无或有少数匍匐茎，无叶；叶为单叶，顶生小叶心形或卵形，基部心形，有时平截或近楔形，边缘波状或近全缘；花萼片卵形或长圆形，边缘膜质，花瓣白色，匙形；长角果线形，果柄上升、开展或反折，有时偏向于轴的一侧；种子卵圆形或宽长圆形；花果期2-7月。
羟丙基淀粉空心胶囊,翻译暂缺,暂无数据,均适宜,暂无介绍
果蔬粉（必须明确具体使用的果蔬粉名称）,翻译暂缺,暂无数据,均适宜,暂无介绍
姜黄素,Curcumin,暂无数据,均适宜,姜黄素又称姜黄色素、酸性黄，是从姜科植物姜黄、莪术、芥末、咖哩、郁金等根茎中提取的一种天然的酚类抗氧化剂，主链为不饱和脂族及芳香族基团，属二酮类化合物，是常用的调料及食用色素，无毒，化学式为C21H20O6。
辛，癸酸甘油酯,翻译暂缺,暂无数据,均适宜,暂无介绍
大豆磷脂,翻译暂缺,暂无数据,均适宜,大豆磷脂是从生产大豆油的油脚中提取的产物，是由甘油、脂肪酸、胆碱或胆胺所组成的酯，能溶于油脂及非极性溶剂。大豆磷脂的组成成分复杂，主要含有卵磷脂（约34.2%）、脑磷脂（约19.7%）、肌醇磷脂（约16.0%）、磷酯酰丝氨酸（约15.8%）、磷脂酸（约3.6%）及其他磷脂（约10.7%），为浅黄至棕色的黏稠液体或白色至浅棕色的固体粉末。
透明大豆磷脂,翻译暂缺,暂无数据,均适宜,暂无介绍
分提大豆磷脂,翻译暂缺,暂无数据,均适宜,暂无介绍
粉末大豆磷脂,翻译暂缺,暂无数据,均适宜,暂无介绍
浓缩大豆磷脂,翻译暂缺,暂无数据,均适宜,暂无介绍
磷脂,Phospholipid,暂无数据,均适宜,磷脂（Phospholipid），也称磷脂类、磷脂质，是指含有磷酸的脂类，属于复合脂。磷脂是组成生物膜的主要成分，分为甘油磷脂与鞘磷脂两大类，分别由甘油和鞘氨醇构成。磷脂为两性分子，一端为亲水的含氮或磷的头，另一端为疏水（亲油）的长烃基链。由于此原因，磷脂分子亲水端相互靠近，疏水端相互靠近，常与蛋白质、糖脂、胆固醇等其它分子共同构成磷脂双分子层，即细胞膜的结构。
无水枸橼酸,Citric Acid,暂无数据,均适宜,柠檬酸（CA），又名枸橼酸，分子式为C?H?O?，是一种重要的有机弱酸，为无色晶体，无臭，易溶于水，溶液显酸性。在生物化学中，它是柠檬酸循环（三羧酸循环）的中间体，柠檬酸循环发生在所有需氧生物的新陈代谢中。柠檬酸被广泛用作酸度调节剂（GB2760―2014）、调味剂和螯合剂。
枸橼酸,Citric Acid,暂无数据,均适宜,柠檬酸（CA），又名枸橼酸，分子式为C?H?O?，是一种重要的有机弱酸，为无色晶体，无臭，易溶于水，溶液显酸性。在生物化学中，它是柠檬酸循环（三羧酸循环）的中间体，柠檬酸循环发生在所有需氧生物的新陈代谢中。柠檬酸被广泛用作酸度调节剂（GB2760―2014）、调味剂和螯合剂。
碳酸镁,Magnesium carbonate,暂无数据,均适宜,碳酸镁是一种无机化合物，化学式为MgCO3，分子量84.31，相对密度3.037 。外观为白色颗粒性粉末。在350℃时分解，在700℃时失去二氧化碳 。微溶于冷水，缓慢溶于酸中。其三水合物为无色针状晶体，熔点165℃，相对密度1.850。其五水合物为白色单斜系晶体，相对密度1.73，在空气中加热分解。可由镁盐水溶液中一边通入二氧化碳，一边加入碳酸钠，得水合物，将水合物在50℃以下干燥可得无水物。 [2-3]  
食用甘薯淀粉,Edible sweet potato starch,暂无数据,均适宜,《食用甘薯淀粉》是2018年4月1日实施的一项中国国家标准。
薄荷脑,Menthol,暂无数据,均适宜,薄荷脑，也叫薄荷醇，是一种萜类有机化合物，化学式为C10H20O。薄荷脑系由薄荷的叶和茎中所提取，白色晶体，为薄荷和欧薄荷精油中的主要成分。薄荷醇一般有两种异构体（D型和L型），天然的薄荷醇主要为左旋异构体（L-薄荷醇），这里的薄荷脑一般指消旋的薄荷醇（DL-薄荷醇）。薄荷脑可用作牙膏、香水、饮料和糖果等的赋香剂。在医药上用作刺激药，作用于皮肤或粘膜，有清凉止痒作用。内服可作为驱风药，用于头痛及鼻、咽、喉炎症等。其酯也可用于香料和药物。
玉米油,corn oil,暂无数据,均适宜,玉米油，又叫粟米油、玉米胚芽油，它是从玉米胚芽中提炼出的油 。玉米胚芽脂肪含量在17%～45%之间，大约占玉米脂肪总含量的80%以上。 玉米油中的脂肪酸特点是不饱和脂肪酸含量高达80%～85%。玉米油本身不含有胆固醇，它对于血液中胆固醇的积累具有溶解作用，故能减少对血管产生硬化影响。对老年性疾病如动脉硬化、糖尿病等具有积极的防治作用。由于天然复合维生素E的功能，对心脏疾病、血栓性静脉炎、生殖机能类障碍、肌萎缩症、营养性脑软化症均有明显的疗效和预防作用。
异麦芽酮糖醇,翻译暂缺,暂无数据,均适宜,异麦芽酮糖醇是化学物质，白色无臭结晶，味甜，甜度约为蔗糖的45%~65%，稍吸湿。
棕榈油,Palm oil,暂无数据,均适宜,棕榈油是一种热带木本植物油，是世界上生产量、消费量和国际贸易量最大的植物油品种，与大豆油、菜籽油并称为“世界三大植物油”，拥有超过五千年的食用历史。
芝麻油,Sesame Oil,暂无数据,均适宜,香油，又叫芝麻油、麻油，是中国传统的调味植物油，它是从芝麻中榨取的油脂，有浓郁的炒芝麻香味。香油味纯正而耐回味，是日常生活中必不可少的调味佳品。无论凉菜、热菜还是做汤，它都堪称点晴之笔。
饮用水,drinking water,暂无数据,均适宜,饮用水是指可以不经处理、直接供给人体饮用的水。水是体液的主要组成部分，是构成细胞、组织液、血浆等的重要物质。水作为体内一切化学反应的媒介，是各种营养素和物质运输的平台。
食用玉米淀粉,corn starch,暂无数据,均适宜,玉米淀粉 （corn starch） 又称玉蜀黍淀粉又称苞米面。俗名六谷粉。白色微带淡黄色的粉末。 将玉米用0.3%亚硫酸浸渍后，通过破碎、过筛、沉淀、干燥、磨细等工序而制成。 普通产品中含有少量脂肪和蛋白质等。
食用盐,Salt,暂无数据,均适宜,食用盐，从分类上来说有井盐、海盐、池盐、岩盐等，从所含成分上来看包括了铁、钙、锌、钾、钠、碘等多种营养元素，人们用的食盐是盐类的一种，是指富含钠的盐类，也就是氯化钠。盐也是人体不能缺乏的重要元素，有调节人体活动的作用。
食用小麦淀粉,Edible wheat starch,暂无数据,均适宜,《食用小麦淀粉》是2008年国家标准化管理委员会主管发布的标准。
食用葡萄糖,Edible glucose,暂无数据,均适宜,被代替国标号 ReplacedStandard:
乳糖,lactose,暂无数据,均适宜,乳糖是人类和哺乳动物乳汁中特有的碳水化合物，是由葡萄糖和半乳糖组成的双糖，分子式为C12H22O11。在婴幼儿生长发育过程中，乳糖不仅可以提供能量，还参与大脑的发育进程。
乳粉,milk powder,暂无数据,均适宜,用冷冻或加热的方法，除去乳中几乎全部的水分，干燥后而成粉末。
葡萄糖浆,Glucose syrup,暂无数据,均适宜,葡萄糖浆是一种以淀粉为原料在酶或酸的作用产生的一种淀粉糖浆，主要成份为葡萄糖、麦芽糖、麦芽三糖、麦芽四糖及四糖以上等。 又称为液体葡萄糖，葡麦糖浆。
木薯淀粉,Tapioca,暂无数据,均适宜,木薯淀粉，是木薯经过淀粉提取后脱水干燥而成的粉末。木薯淀粉有原淀粉和各种变性淀粉两大类，广泛应用于食品工业及非食品工业。变性淀粉可根据用户提出的具体要求定制，以适用于特殊用途。
绵白糖,翻译暂缺,暂无数据,均适宜,绵白糖简称绵糖，也叫白糖，是我国人民比较喜欢的一种食用糖。它质地绵软、细腻，结晶颗粒细小，并在生产过程中喷入了2.5%左右的转化糖浆。而白砂糖的主要成分是蔗糖，故绵白糖的纯度不如白砂糖高。
麦芽糖,maltose,暂无数据,均适宜,"麦芽糖(maltose)是由两个葡萄糖单位经由 α-1,4 糖苷键连接而成的二糖，又称为麦芽二糖。因 C1 羟基位置不同，而有 α- 和 β- 两种异构体 。"
麦芽糊精,maltodextrin，MD,暂无数据,均适宜,麦芽糊精（MD），是一种多糖类食品原料，是一种介于淀粉和淀粉糖之间的低转化产品。外观上白色或略带浅黄色的无定形粉末，无肉眼可见杂质，具有特殊气味，味道上不甜或者微甜。
马铃薯淀粉,Potato Flour,暂无数据,均适宜,马铃薯淀粉（Potato Starch）是由清洗干净的土豆粉粹，过滤，沉淀，将得到的沉淀物烘干即可获得，它可以被用来作为增稠剂。太白粉(Potato Flour)通常也被称为马铃薯淀粉，不要将两者混为一谈。尽管用于勾芡浓稠度不及太白粉，但是在一些烘焙食品，它能保持水分。马铃薯粉比太白粉重量较重；马铃薯粉还有马铃薯的味道，而太白粉已经没有明显的味道。
炼乳,condensed milk,暂无数据,均适宜,炼乳是一种牛奶制品，用鲜牛奶或羊奶经过消毒浓缩制成的饮料，它的特点是可贮存较长时间。
葵花籽油,sunflower seed oil,暂无数据,均适宜,葵花子，又叫葵瓜子，是向日葵的果实。它的子仁中含脂肪30%-45%，最多的可达60%。葵花子油颜色金黄，澄清透明，气味清香，是一种重要的食用油。它含有大量的亚油酸等人体必需的不饱和脂肪酸，可以促进人体细胞的再生和成长，保护皮肤健康，并能减少胆固醇在血液中的淤积，是一种高级营养油。它颜色金黄、澄清透明，具有芳香气味 。葵花籽油在世界范围内的消费量在所有植物油中排在棕榈油、豆油和菜籽油之后，居第四位。全球葵花籽油产量稳定在1000万～1200万吨之间，葵花籽油是欧洲国家重要的食用油品种之一。国际上许多国家和地区都有食用，销量较高如中国台湾省、香港特别行政区，一衣带水的日本以及被称为亚洲四小龙的韩国。而让我们欣慰的是我们中国大陆百姓日常中烹饪中对葵花籽油依赖也越来越多，除了味道芳香以外更重要的是健康。葵花籽油在综上所述国家以及地区中消费比例高达70% 。
可可脂,cocoa butter,暂无数据,均适宜,可可脂是在制作巧克力和可可粉过程中自可可豆抽取的天然食用油。它只有淡淡的巧克力味道和香气，是制作真正巧克力的材料之一。一般称为白巧克力的糖果便单是由它制成。可可脂熔点约为摄氏34-38度（华氏93-100度），因此巧克力在室温时是固体而又很快在口中融化。
可可粉,cocoa powder,暂无数据,均适宜,可可粉是从可可树结出的豆荚（果实）里取出的可可豆（种子），经发酵、粗碎、去皮等工序得到的可可豆碎片（通称可可饼），由可可饼脱脂粉碎之后的粉状物，即为可可粉。可可粉按其含脂量分为高、中、低脂可可粉；按加工方法不同分为天然粉和碱化粉。可可粉具有浓烈的可可香气，可用于高档巧克力、饮品，牛奶，冰淇淋、糖果、糕点及其它含可可的食品。
花生油,翻译暂缺,暂无数据,均适宜,花生油(peanut oil)淡黄透明，色泽清亮，气味芬芳，滋味可口，是一种比较容易消化的食用油。花生油含不饱和脂肪酸80%以上（其中含油酸41.2%，亚油酸37.6%）。另外还含有软脂酸，硬脂酸和花生酸等饱和脂肪酸19.9%。花生油中还含有甾醇、麦胚酚、磷脂、维生素E、胆碱等。
红糖,brown sugar,暂无数据,均适宜,红糖（brown sugar）指带蜜的甘蔗成品糖，除了具备糖的功能外，还含有维生素与微量元素，营养成分比白砂糖高很多。
核桃油,Walnut oil,暂无数据,均适宜,核桃油是采用核桃仁为原料，压榨而成的植物油，属于食用油。
果糖,Fructose,暂无数据,均适宜,果糖是一种最为常见的己酮糖。存在于蜂蜜、水果中，和葡萄糖结合构成日常食用的蔗糖。果糖中含6个碳原子，也是一种单糖，是葡萄糖的同分异构体。它以游离状态大量存在于水果的浆汁和蜂蜜中，天然存在的果糖是以游离的D-果糖形式存在，果糖在自然条件下是以似油状的粘稠液的形式存在，而不以晶体的形式存在。
果葡糖浆,High fructose syrup,暂无数据,均适宜,果葡糖浆是由植物淀粉水解和异构化制成的淀粉糖晶，是一种重要的甜味剂。生产果葡糖浆不受地区和季节限制，设备比较简单，投资费用较低。因为它的组成主要是果糖和葡萄糖；故称为“果葡糖浆”。
橄榄油,olive oil,暂无数据,均适宜,橄榄油，属木本植物油，是由新鲜的油橄榄果实直接冷榨而成的，不经加热和化学处理，保留了天然营养成分，橄榄油被认为是迄今所发现的油脂中最适合人体营养的油脂 。
蜂蜜,honey,暂无数据,均适宜,蜂蜜，又称甘蜜，是蜜蜂酿制的蜜，糖的过饱和溶液。其在低温时会产生结晶。会生成结晶的是葡萄糖，不产生结晶的部分主要是果糖。
多晶体冰糖,翻译暂缺,暂无数据,均适宜,老冰糖又名土冰糖、老土冰糖、黄冰糖 、块冰糖、多晶体冰糖等，是以制糖中间产物糖浆或成品白砂糖为原料，经加水溶解、除杂、清汁、蒸发、浓缩并添加适当结晶剂后，逐步冷却结晶制成，经敲碎干燥后即主为成品，其生产周期约为7天。
单晶体冰糖,翻译暂缺,暂无数据,均适宜,《单晶体冰糖》是2002年12月1日实施的一项行业标准。
大豆油,翻译暂缺,暂无数据,均适宜,大豆油是从大豆中压榨提取出来的一种油，通常我们称之为“大豆色拉油”，是最常用的烹调油之一。大豆油的保质期最长也只有一年，质量越好的大豆油应该颜色越浅，为淡黄色，清澈透明．且无沉淀物，无豆腥昧，温度低于零摄氏度以下的优质大豆油会有油脂结晶析出。
赤砂糖,翻译暂缺,暂无数据,均适宜,赤砂糖，晶粒较大，晶面明显，色泽有红褐、赤红、青褐、黄褐等，无明显黑点。食时有浓甜的焦苦味，水分和还原糖比较多，浅者质量较好。赤砂糖在人们的日常膳食中是必不可少的调味品之一色，可食用，也可作调味料。
菜籽油,colza oil,暂无数据,均适宜,菜籽油就是我们俗称的菜油，又叫油菜籽油、香菜油、芸苔油、香油、芥花油，是用油菜籽榨出来的一种食用油。是我国主要食用油之一， 主产于长江流域及西南、西北等地，产量居世界首位。
白砂糖,white granulated sugar,暂无数据,均适宜,白砂糖是食糖的一种。其颗粒为结晶状，均匀，颜色洁白，甜味纯正，甜度稍低于红糖。烹调中常用。适当食用白糖有补中益气、和胃润肺、养阴止汗的功效。
聚乙烯吡咯烷酮,polyvinyl pyrrolidone（PVP）,暂无数据,均适宜,聚乙烯吡咯烷酮(polyvinyl pyrrolidone)，简称PVP，是一种非离子型高分子化合物，是N-乙烯基酰胺类聚合物中最具特色，被研究得最深、最广泛的精细化学品。已发展成为非离子、阳离子、阴离子3大类，工业级、医药级、食品级3种规格，相对分子质量从数千至一百万以上的均聚物、共聚物和交联聚合物系列产品，并以其优异独特的性能获得广泛应用。
共聚维酮,翻译暂缺,暂无数据,均适宜,共聚维酮是一种水溶性高分子树酯，为白色粉末，无臭无味，易吸潮，可溶于水、乙醇及无水醇类，具有良好的粘结性、吸湿性、成膜性和表面活性.
明胶空心胶囊,翻译暂缺,暂无数据,均适宜,明胶空心胶囊由药用明胶加辅料精制而成的帽、体两节胶囊壳组成，主要用于盛装固体药物。如自制散剂、保健品、药剂等，为服用者解决了难入口、口感差的问题。此外，胶囊上还可印上文字、商标和图案，呈现出独特的定制外观。
棕氧化铁,Brown Ferric Oxide,暂无数据,均适宜,本品为红棕色的粉末；无臭，无味。 本品在水中不溶，在沸盐酸中易溶。
蔗糖,sucrose,暂无数据,均适宜,蔗糖，是食糖的主要成分，是双糖的一种，由一分子葡萄糖的半缩醛羟基与一分子果糖的半缩醛羟基彼此缩合脱水而成。蔗糖有甜味，无气味，易溶于水和甘油，微溶于醇。有旋光性，但无变旋光作用。蔗糖几乎普遍存在于植物界的叶、花、茎、种子及果实中。在甘蔗、甜菜及槭树汁中含量尤为丰富。蔗糖味甜，是重要的食品和甜味调味品，有白砂糖、赤砂糖、绵白糖、冰糖、粗糖（黄糖）等蔗糖制品 。
预胶化淀粉,Pregelatinized Starch,暂无数据,均适宜,预胶化淀粉是改性淀粉，将淀粉用化学法或机械法将淀粉颗粒部分或全部破裂而得。在片剂中常用做粘合剂、稀释剂和崩解剂，预胶化淀粉有自润滑作用，与其他辅料合用时需加入硬脂酸镁做润滑剂。本品无毒、无刺激性，但大量口服有害。
乙基纤维素,Ethyl cellulose ether,暂无数据,均适宜,乙基纤维素是一种高分子化合物，化学式为(C12H22O5)n，常温下是白色或淡褐色粉末。
无水磷酸氢钙,Calcium hydrogen phosphate,暂无数据,均适宜,磷酸氢钙，是一种无机化合物，化学式为CaHPO4，为白色结晶性粉末，易溶于稀盐酸、稀硝酸、醋酸，微溶于水，不溶于乙醇，主要用作食品添加剂。
甘油三乙酯,翻译暂缺,暂无数据,均适宜,暂无介绍
羟丙纤维素,Hydroxypropyl cellulose,暂无数据,均适宜,羟丙纤维素是一种药剂辅料，为白色或类白色粉末；无臭，无味。
可溶性淀粉,solublestarch,暂无数据,均适宜,可溶性淀粉(solublestarch)，是淀粉经过氧化剂、酸、甘油、酶或其他方法处理而成的淀粉衍生物。用玉米、红薯、土豆的淀粉都可制成可溶性淀粉，但以红薯淀粉制得的可溶性淀粉质量最好。可溶性淀粉为白色或类白色粉末，无臭无味，不溶于冷水、乙醇和乙醚。在沸水中可溶解为透明溶液，冷却后不结冰，1%溶液为透明的乳状液体。可溶性淀粉无还原物质，化学性质稳定。
聚乙二醇,,暂无数据,均适宜,"聚乙二醇，是含有α, ω-双端羟基的乙二醇聚合物的总称 。"
聚维酮K30,Povidone K 30,暂无数据,均适宜,聚维酮K30，是一种有机化合物，分子式为（C6H9NO）n，白色至乳白色粉末；无臭或稍有特臭o无味。
交联羧甲基纤维素钠,Croscarmellose Sodium,暂无数据,均适宜,交联羧甲基纤维素钠为无味，白色或灰白色粉末。在片剂、胶囊剂和颗粒剂中用作崩解剂，通常被视为基本无毒、无刺激性的辅料。在片剂中常用量0.5%～5.0%。
交联聚维酮,翻译暂缺,暂无数据,均适宜,交联聚维酮，药用辅料，为水不溶性的合成交联N-乙烯基-2-吡咯烷酮均聚物。
黄氧化铁,Yellow Ferric Oxide,暂无数据,均适宜,黄氧化铁，黄色粉末；无臭，无味。 在水中不溶，在沸盐酸中易溶。取本品约0.1g，加稀盐酸5ml，煮沸冷却后，溶液显铁盐的鉴别反应
糊精,dextrin,暂无数据,均适宜,糊精是用来衡量原料蒸煮工艺的技术用语。淀粉在加热、酸或淀粉酶作用下发生分解和水解时，将大分子的淀粉首先转化成为小分子的中间物质，这时的中间小分子物质，人们就把它叫做糊精。
红氧化铁,Red Ferric Oxide,暂无数据,均适宜,即氧化铁，又称三氧化二铁。本品为暗红色的粉末；无臭，无味。本品在水中不溶；在沸盐酸中易溶
黑氧化铁,Magnetic materials,暂无数据,均适宜,能对磁场作出某种方式反应的材料称为磁性材料。按照物质在外磁场中表现出来磁性的强弱，可将其分为抗磁性物质、顺磁性物质、铁磁性物质、反铁磁性物质和亚铁磁性物质。大多数材料是抗磁性或顺磁性的，它们对外磁场反应较弱。铁磁性物质和亚铁磁性物质是强磁性物质，通常所说的磁性材料即指强磁性材料。对于磁性材料来说，磁化曲线和磁滞回线是反映其基本磁性能的特性曲线。铁磁性材料一般是Fe，Co，Ni元素及其合金，稀土元素及其合金，以及一些Mn的化合物。磁性材料按照其磁化的难易程度，一般分为软磁材料及硬磁材料。
低取代羟丙纤维素,Low-Substituted Hydroxypropyl Cellulose,暂无数据,均适宜,本品是低取代羟丙基纤维素醚，是一种多用途的非离子型纤维素衍生物，主要用作固体制剂崩解和粘合剂，由于它的粉末有较大的表面积和孔隙率，故能快速吸水膨胀，用于片剂时，使片剂快速崩解，同时它的粗糙结构与药物和颗粒之间有较大的镶嵌，可明显提高片剂硬度，同时不影响崩解，从而加速药物的溶出度，提高生物利用度
单糖浆,翻译暂缺,暂无数据,均适宜,单糖浆，赋形剂和调味剂。
纯化水,pure water,暂无数据,均适宜,深度脱盐水(pure water)又称去离子水、纯水。去除水中悬浮物和无机物的阳阴离子杂质，又将水中难以除去的电解质去除至一定程度的水。一般用膜分离、离子交换或将这些些方法综合应用制取。
γ-环状糊精,翻译暂缺,暂无数据,均适宜,暂无介绍
α-环状糊精,翻译暂缺,暂无数据,均适宜,暂无介绍
栀子蓝,gardenia blue,暂无数据,均适宜,栀子蓝（gardenia blue）是2020年公布的食品科学技术名词。
栀子黄,Gardenia Yellow,暂无数据,均适宜,栀子黄(crocin，gardenia yellow)，别名藏花素，俗称黄栀子，属类胡萝卜素系列，它是栀子中的黄色色素，其黄色素成分为类胡萝卜类色素的藏花素，与藏红花中的藏花素相同。分子式为C44H64O24，相对分子质量976.97。栀子黄可用于果汁(味)型饮料、配制酒、糕点上彩妆、冰棍、雪糕、膨化食品、果冻、面饼、糖果和栗子罐头等 。
植物炭黑,Vegetable carbon black,暂无数据,均适宜,简介：植物炭黑是一种不溶性的着色剂，因而通常以悬浮液的形式使用。主要用于糖果中，通常用作遮蔽剂。别名：植物黑、植物炭、炭黑、食用炭黑、天然黑色素性状：黑色粉状微粒，无臭、无味，不溶于水和有机溶剂。制法：以植物树干、壳为原料，经炭化而成。用途：焙烤食品/粮食及谷物制品/乳制品/糖及糖渍食品/糖果/装饰和被膜飧用冰。
蔗糖脂肪酸酯,Sucrose Fatty Acid Esters,暂无数据,均适宜,"脂肪酸蔗糖酯、蔗糖酯，简称SE(SUGAR ESTERS)。一种非离子表面活性剂，由蔗糖和脂肪酸经酯化反应生成的混合物。因蔗糖含有8个―OH基，因此经酯化，从单酯到八酯的各种产物均可生成。可细分为单脂肪酸酯、双脂肪酸酯和三脂肪酸酯。以蔗糖的―OH基为亲水基，脂肪酸的碳链部分为亲油基，常用硬脂酸、油酸、棕榈酸等高级脂肪酸（产品为粉末状），也用醋酸、异丁酸等低级脂肪酸（产品为粘稠树脂状）。它以其无毒、易生物降解及良好的表面性能,广泛用于食品、医药、日化、生物工程的酶制剂、石油开采、纺织及农牧业等行业。"
诱惑红及其铝色淀,翻译暂缺,暂无数据,均适宜,暂无介绍
硬脂酸镁,Magnesium stearate,暂无数据,均适宜,硬脂酸镁，化学式为C36H70MgO4，分子量为591.24，是一种有机化合物，为白色无砂性的细粉，与皮肤接触有滑腻感。在水、乙醇或乙醚中不溶，主要用作润滑剂、抗粘剂、助流剂。特别适宜油类、浸膏类药物的制粒，制成的颗粒具有很好的流动性和可压性。在直接压片中用作助流剂。还可作为助滤剂、澄清剂和滴泡剂，以及液体制剂的助悬剂、增稠剂。
硬脂酸钙,Calcium stearate,暂无数据,均适宜,硬脂酸钙是一种有机化合物，分子式为C36H70CaO4，白色粉末，不溶于水，可用作防水剂、润滑剂和塑料助剂等。
硬脂酸,stearic acid,暂无数据,均适宜,硬脂酸，化学式为C18H36O2，分子量为284.48，是一种化合物，即十八烷酸。由油脂水解生产，主要用于生产硬脂酸盐。
乙酰磺胺酸钾,acesulfame,暂无数据,均适宜,安赛蜜是一种食品添加剂，化学名称为乙酰磺胺酸钾，又称AK糖，外观为白色结晶性粉末，它是一种有机合成盐，其口味与甘蔗相似，易溶于水，微溶于酒精。安赛蜜化学性质稳定，不易出现分解失效现象；不参与机体代谢，不提供能量；甜度较高，价格便宜；无致龋齿性；对热和酸稳定性好，是当前世界上第四代合成甜味剂。它和其他甜味剂混合使用能产生很强的协同效应，一般浓度下可增加甜度20%~40%。
乙酰化二淀粉磷酸酯,Acetylated distarch phosphate,暂无数据,均适宜,乙酰化二淀粉磷酸酯 英文名称： phosphate（ADSP），白色粉末，无臭、无味，易溶于水，不溶于有机溶剂。与原淀粉相比，其溶解度、膨润力及透明度明显提高；老化倾向明显降低，冷冻稳定性提高。可抗热、抗酸。
乙酸乙酯,ethyl acetate,暂无数据,均适宜,乙酸乙酯（ethyl acetate），又称醋酸乙酯，是一种有机化合物，化学式为C4H8O2，是一种具有官能团-COOR的酯类（碳与氧之间是双键），能发生醇解、氨解、酯交换、还原等一般酯的共同反应，主要用作溶剂、食用香料、清洗去油剂。
乙酸钠,Sodium acetate,暂无数据,均适宜,乙酸钠，又称醋酸钠，是一种有机物，分子式为CH3COONa，分子量为82.03。三水合物乙酸钠性状为白色结晶体，相对密度1.45，熔点为58℃，在干燥空气中风化，在120℃时失去结晶水，温度再高时分解；无水乙酸钠为无色透明结晶体，熔点324℃。易溶于水，可用于作缓冲剂、媒染剂，用于铅铜镍铁的测定，培养基配制，有机合成，影片洗印等。 [5-6]  
异构化乳糖液,lactulose,暂无数据,均适宜,异构化乳糖在市场上是以两种剂型存在，异构化乳糖粉和异构化乳糖液。商业生产异构化乳糖采用乳糖为原料经受热或者用氢氧化钠作催化剂条件下进行异构化作用而得。
乙醇/酒精,翻译暂缺,暂无数据,均适宜,暂无介绍
叶绿素铜钠盐,chlorophyllin copper complex sodium salt,暂无数据,均适宜,叶绿素铜钠盐(sodium coppe chlorophylin) 为墨绿色粉末，是以天然的绿色植物组织，如蚕粪、三叶草、苜蓿、竹子等植物的叶子为原料，用丙酮、甲醇、乙醇、石油醚等有机溶剂提取，以铜离子取代叶绿素中心镁离子，同时用碱对其进行皂化，除去甲基和植醇基后形成的羧基成为二钠盐。因而，叶绿素铜钠盐为半合成色素。与其结构和生成原理类似的叶绿素系列色素还有叶绿素铁钠盐、叶绿素锌钠盐等。
氧化羟丙基淀粉,Oxidized hydroxypropyl starch,暂无数据,均适宜,氧化羟丙基淀粉是一种食用辅料，可用作黏合剂，增稠剂，悬浮剂，增加稳定性。
氧化淀粉,Oxystarch,暂无数据,均适宜,氧化淀粉，是淀粉在酸、碱、中性介质中与氧化剂作用，使淀粉氧化而得到的一种变性淀粉。氧化淀粉使淀粉糊化温度降低，热糊粘度变小而热稳定性增加，产品颜色洁白，糊透明，成膜性好，抗冻融性好，是低粘度高浓度的增稠剂，广泛应用于纺织、造纸、食品及精细化工行业。
胭脂红及其铝色淀|胭脂红|胭脂红铝色淀,翻译暂缺,暂无数据,均适宜,暂无介绍
盐酸,hydrochloric acid,暂无数据,均适宜,盐酸（hydrochloric acid）是氯化氢（HCl）的水溶液 ，工业用途广泛。盐酸为无色透明的液体，有强烈的刺鼻气味，具有较高的腐蚀性。浓盐酸（质量分数约为37%）具有极强的挥发性，因此盛有浓盐酸的容器打开后氯化氢气体会挥发，与空气中的水蒸气结合产生盐酸小液滴，使瓶口上方出现酸雾。盐酸是胃酸的主要成分，它能够促进食物消化、抵御微生物感染。
辛烯基琥珀酸淀粉钠,Starch sodium octenyl succinate,暂无数据,均适宜,辛烯基琥珀酸淀粉钠（sodium starch octenyl succinate），又称纯胶、SSOS，是低取代度（每50个葡萄糖单位不多于1个取代基）的淀粉和辛烯基琥珀酸的半酯化产品，为白色或类似白色粉末 。辛烯基琥珀酸淀粉钠在水中加热时可吸水膨胀，高温时可完全成胶状；还具有疏水亲油性，可用作乳浊液稳定剂，可代替阿拉伯胶 。
低聚半乳糖,Galactooligosaccharides,暂无数据,均适宜,低聚半乳糖(Galactooligosaccharides，GOS)是一种具有天然属性的功能性低聚糖，其分子结构一般是在半乳糖或葡萄糖分子上连接1~7 个半乳糖基，即Gal-(Gal)n-Glc/Gal(n 为0-6)。在自然界中，动物的乳汁中存在微量的GOS，而人母乳中含量较多，婴儿体内的双歧杆菌菌群的建立很大程度上依赖母乳中的GOS 成分。
苋菜红及其铝色淀,翻译暂缺,暂无数据,均适宜,暂无介绍
维生素E,Vitamin E,暂无数据,均适宜,维生素E亦称维他命E。又名生育酚或产妊酚。是最主要的抗氧化剂之一。溶于脂肪和乙醇等有机溶剂中，不溶于水，对热、酸稳定，对碱不稳定，对氧敏感，对热不敏感，但油炸时维生素E活性明显降低。在食油、水果、蔬菜及粮食中均存在。维生素E是一种有8种形式的脂溶性维生素，常被用于乳霜和乳液中，因为人们相信维生素E对于受到如烧烫伤的伤害后，能促进皮肤愈合及减少疤痕形成。
维生素C,Vitamin C,暂无数据,均适宜,"维生素C是一种水溶性维生素，化学命名为L-(+)-苏阿糖型2,3,4,5,6-五羟基-2-己烯酸-4-内酯，又名L-抗坏血酸，分子式为C6H8O6，分子量为176.12。 [1-2]  "
微晶纤维素,Microcrystalline Cellulose,暂无数据,均适宜,"微晶纤维素（MCC，Microcrystalline cellulose），主要成分为以β-1,4-葡萄糖苷键结合的直链式多糖类物质 ，是天然纤维素经稀酸水解至极限聚合度（LODP）的可自由流动的极细微的短棒状或粉末状多孔状颗粒，组成的白色、无臭、无味的结晶粉末。"
天然苋菜红,Natural amaranthus red,暂无数据,均适宜,天然苋菜红是一种食用色素，主要来源于红苋菜，红苋菜为一年生草本，分枝较多。叶对生，叶片卵状椭圆形至披针形，长4～12cm，宽2～7cm。天然苋菜红色素色泽鲜艳，无毒，安全性高，性质稳定，是优良的天然食用色素。
天门冬酰苯丙氨酸甲酯|阿斯巴甜,翻译暂缺,暂无数据,均适宜,暂无介绍
甜菊糖苷,Stevia,暂无数据,均适宜,甜菊糖，又称甜菊苷，化学式为C38H60O18，是从菊科植物甜叶菊的叶子中提取出来的一种糖苷。甜叶菊原产于巴拉圭和巴西，它具有高甜度、低热能的特点，其甜度是蔗糖的200-300倍，热值仅为蔗糖的1/300。
甜菜红,BeetRootRed,暂无数据,均适宜,甜菜红(beet root red)亦称甜菜根红，甜菜红色素是以食用红甜菜为原料，通过浸提、分离、浓缩、干燥而成的天然色素，主要成分为甜菜花青素和甜菜黄素，甜菜红为红紫至深紫色液体、块状、粉末状或糊状物，有异臭，易溶于水、牛奶、50%乙醇或丙二醇水溶液，难溶于无水乙醇、丙二醇和乙酸，不溶于乙醚、丙酮、氯仿、苯、甘油和油脂等有机溶剂。水溶液呈现红色至紫红色，色泽鲜艳 。
糖精钠,Saccharin Sodium,暂无数据,均适宜,糖精钠，是有机化合物，化学式为C7H4NNaO3S，是食品添加剂，对人体无营养价值。当食用较多时，会影响肠胃消化酶的正常分泌，降低小肠的吸收能力，使食欲减退。许多国家都限制了糖精钠在食品加工中的使用量。在生产经营活动中，少数企业为了片面追求产品的甜度、色泽或延长产品保质期，擅自违法过量使用糖精钠等食品添加剂，对人体健康构成了潜在的威胁。
碳酸氢钠,sodium bicarbonate,暂无数据,均适宜,"碳酸氢钠（Sodium bicarbonate），分子式为NaHCO?，是一种无机化合物，白色粉末或细微晶体，无臭，味咸，易溶于水，微溶于乙醇（一说不溶），水溶液呈微碱性。受热易分解，在潮湿空气中缓慢分解，产生二氧化碳，约50℃开始分解，加热至270℃完全分解 。遇酸则强烈分解，产生二氧化碳。碳酸氢钠广泛应用于化工、医药、食品、轻工、纺织等工业领域以及人们的日常生活, 在国民经济中占有重要的地位 [13]  。"
碳酸钠,Sodium Carbonate,暂无数据,均适宜,碳酸钠(Sodium Carbonate)，是一种无机化合物，化学式为Na2CO3，分子量105.99 ，又叫纯碱，但分类属于盐，不属于碱，国际贸易中又名苏打或碱灰。碳酸钠是一种白色粉末，无味无臭，易溶于水，水溶液呈强碱性，在潮湿的空气里会吸潮结块，部分变为碳酸氢钠。碳酸钠的制法有联合制碱法、氨碱法、路布兰法等，也可由天然碱加工精制。它是一种重要的无机化工原料，主要用于平板玻璃、玻璃制品和陶瓷釉的生产。还广泛用于生活洗涤、酸类中和以及食品加工等。
碳酸钙,Calcium carbonate,暂无数据,均适宜,碳酸钙是一种无机化合物，化学式为CaCO?，是石灰石、大理石等的主要成分。碳酸钙通常为白色晶体，无味，基本上不溶于水，易与酸反应放出二氧化碳 。它是地球上常见物质之一，存在于霰石、方解石、白垩、石灰岩、大理石、石灰华等岩石内，亦为某些动物骨骼或外壳的主要成分。碳酸钙也是重要的建筑材料，工业上用途甚广 。
羧甲基纤维素钠,Carboxymethylcellulose　Sodium　Lubricant,暂无数据,均适宜,羧甲基纤维素钠（CMC-Na）是一种有机物，化学式为[C6H7O2(OH)2OCH2COONa]n，是纤维素的羧甲基化衍生物，是最主要的离子型纤维素胶。羧甲基纤维素钠通常是由天然的纤维素和苛性碱及一氯醋酸反应后而制得的一种阴离子型高分子化合物，分子量由几千到百万。CMC-Na为白色纤维状或颗粒状粉末，无臭、无味、有吸湿性，易于分散在水中形成透明的胶体溶液。
羧甲基淀粉钠,Carboxymethyl starch sodium （CMS）,暂无数据,均适宜,羧甲基淀粉钠又称为羧甲基淀粉，是一种阴离子淀粉醚，化学式为[C10H19O8Na]n， 白色或黄色粉末，是能溶于冷水的电解质。是变性淀粉的一种，属醚类淀粉，是一种水溶性阴离子高分子型化合物。它无味、无毒、不易霉变、当取代度大于0.2以上时易溶于水。
酸性红,Carmosine（Azorubine）,暂无数据,均适宜,酸性红是一种化学物质，分子式是C20H12N2 Na2O7S2。
山梨糖醇和山梨糖醇液,翻译暂缺,暂无数据,均适宜,暂无介绍
山梨酸及其钾盐,翻译暂缺,暂无数据,均适宜,暂无介绍
三氯蔗糖,Sucralose,暂无数据,均适宜,三氯蔗糖，俗称蔗糖素，是一种高倍甜味剂，分子式为C12H19Cl3O8。稳定性高，对光、热、pH均很稳定。极易溶于水、甲醇和乙醇，微溶于乙醚。10%水溶液的pH为5~8。 在1976年由英国泰莱公司与伦敦大学共同研制并申请专利的一种新型甜味剂，并于1988年投入市场，是唯一以蔗糖为原料的功能性的甜味剂，原始商标名称为Splenda，可达到蔗糖的甜度约600倍（400~800倍）。三氯蔗糖特点具有无能量，高甜度，纯正甜味，安全度高等，也是最理想的甜味剂之一。
三聚磷酸钠,Sodium Tripolyphosphate（STPP）,暂无数据,均适宜,三聚磷酸钠，是一种无机化合物，化学式Na5P3O10，是一种无定形水溶性线状聚磷酸盐，常用于食品中，作水分保持剂、品质改良剂、pH调节剂、金属螯合剂。
乳糖醇|4-β-D 吡喃半乳糖-D-山梨醇,翻译暂缺,暂无数据,均适宜,暂无介绍
乳酸钠,Sodium lactate,暂无数据,均适宜,乳酸钠是一种化学物质，分子式为C3H5O3Na。分子量112.06，无色或几乎无色的透明液体，能与水、乙醇、甘油溶合。应用于食品的保鲜、保湿、增香及制药原料，也可作为医药用于解除因腹泻脱水、糖尿病、肾炎等症所科生的酸中毒。也用作调味品，酪蛋白塑料的增塑剂、防冻剂、保湿剂、甘油的代用品、醇类防冻剂的防蚀剂。
乳酸,2-Hydroxypropanoic acid,暂无数据,均适宜,乳酸，是一种羧酸，化学式是C3H6O3，含有羟基，属于α-羟酸（AHA）。在水溶液中，其羧基释放出一个质子而产生乳酸根离子CH3CH(OH)COO?。
日落黄及其铝色淀,翻译暂缺,暂无数据,均适宜,暂无介绍
琼脂,agar,暂无数据,均适宜,琼脂，学名琼胶，英文名（agar），又名洋菜（agar-agar）、海东菜、冻粉、琼胶、石花胶、燕菜精、洋粉、寒天、大菜丝，是植物胶的一种，常用海产的麒麟菜、石花菜、江蓠等制成，为无色、无固定形状的固体，溶于热水。在食品工业中应用广泛，亦常用作细菌培养基。
氢氧化钠,Sodium hydroxide,暂无数据,均适宜,氢氧化钠（Sodium hydroxide），也称苛性钠、烧碱、火碱、片碱，是一种无机化合物，化学式NaOH，相对分子量为39.9970。
羟丙基甲基纤维素(),翻译暂缺,暂无数据,均适宜,暂无介绍
羟丙基二淀粉磷酸酯,Hydroxypropyl distarch phosphate,暂无数据,均适宜,羟丙基二淀粉磷酸酯（Hydroxypropyl distarch phosphate）是一种食品添加剂，白色粉末，无臭，无味，易溶于水。可作为增稠剂。
羟丙基淀粉,Hydroxypropyl Starch,暂无数据,均适宜,羟丙基淀粉是一种有机物，化学式为C3H8O2・x，是一种白色或淡白色且无特殊气味的粉末。不溶于冷水，可在加热条件下糊化成粘稠具有一定透明性的胶体，稳定性好。羟丙基淀粉是食品工业中应用最为广泛的一类变性淀粉。引进一定数量的羟丙基至淀粉分子上，会使得淀粉糊的性质发生有效的改善。
葡萄皮红,Grape-skin red,暂无数据,均适宜,葡萄皮红（英文名：Grape-skin red），是葡萄皮的提取物。
普鲁兰多糖,Pullulan,暂无数据,均适宜,普鲁兰多糖是一种由出芽短梗霉发酵所产生的类似葡聚糖、黄原胶的胞外水溶性粘质多糖，它是1938年由R．Bauer发现的一种特殊的微生物多糖。
"纽甜|N-[N-(3,3-二甲基丁基)]-L-α-天门冬氨-L-苯丙氨酸1-甲酯",翻译暂缺,暂无数据,均适宜,暂无介绍
柠檬酸脂肪酸甘油酯,翻译暂缺,暂无数据,均适宜,柠檬酸脂肪酸甘油酯是一种非离子型食品乳化剂，它是由甘油与脂肪酸和柠檬酸酯化的产物，HLB值4-6，具有乳化、分散、螯合、抗氧化增效、抗淀粉老化及控制脂肪凝集等作用，。GB2760-2007批准该产品为：可在“各类食品中按生产需要适量添加”；可广泛应用于油炸薯片、烘焙产品、肉制品、乳化脂肪制品、婴儿配方食品、较大婴儿和幼儿配方食品以及糖厂煮糖的防垢等。
柠檬酸钠,Sodium citrate,暂无数据,均适宜,又名柠檬酸三钠、枸橼酸钠、枸橼酸三钠，是一种有机酸钠盐。外观为白色到无色晶体，有凉咸味，在空气中稳定。化学式为C6H5Na3O7，溶于水，难溶于乙醇，水溶液具有微碱性，常用作缓冲剂、络合剂、细菌培养基，在医药上用于利尿、祛痰、抗凝血剂，并用于食品、饮料、电镀、照相等方面。是生物试验的基本药剂之一。
柠檬酸钾,Potassium citrate,暂无数据,均适宜,柠檬酸钾，是一种有机化合物， 化学式为C6H5K3O7，为白色结晶性粉末，易溶于水和甘油，不溶于乙醇，主要作防腐剂、稳定剂和pH缓冲剂等。
柠檬酸,Citric Acid,暂无数据,均适宜,柠檬酸（CA），又名枸橼酸，分子式为C?H?O?，是一种重要的有机弱酸，为无色晶体，无臭，易溶于水，溶液显酸性。在生物化学中，它是柠檬酸循环（三羧酸循环）的中间体，柠檬酸循环发生在所有需氧生物的新陈代谢中。柠檬酸被广泛用作酸度调节剂（GB2760―2014）、调味剂和螯合剂。
柠檬黄及其铝色淀,翻译暂缺,暂无数据,均适宜,暂无介绍
木糖醇,Xylitol,暂无数据,均适宜,木糖醇是一种有机化合物，化学式是C5H12O5，原产于芬兰，是从白桦树、橡树、玉米芯、甘蔗渣等植物原料中提取出来的一种天然甜味剂。在自然界中，木糖醇的分布范围很广，广泛存在于各种水果、蔬菜、谷类之中，但含量很低。对于人体来说，木糖醇也不是一种“舶来品”，它本就是人们身体正常糖类代谢的中间体。
明胶,Gelatin,暂无数据,均适宜,明胶是一种大分子的亲水胶体，是胶原部分水解后的产物。按其性能和用途可分为照相明胶、食用明胶和工业明胶。根据用途不同，对明胶的质量要求也不一样。用作粘结剂使用时，主要要求粘接强度。用于照相、食品、医药等领域时，则强调产品的纯度。
迷迭香提取物,翻译暂缺,暂无数据,均适宜,"迷迭香提取物的主要成分为迷迭香酚、鼠尾草酚和鼠尾草酸。,迷迭香提取物中的几种主要成分都具有较强的抗氧化活性。在防止油脂氧化、保持肉类风味等方面具有明显效果。"
玫瑰茄红,roselle;hibiscetin;hibiscuss sabdarite;Hibiscus Color,暂无数据,均适宜,玫瑰茄红又名：班瑰茄，是以草本植物玫瑰茄（Hibiscus Sabaariffa）的花萼为原料，利用现代的生物技术提取而成的天然色素。
麦芽糖醇液,翻译暂缺,暂无数据,均适宜,暂无介绍
麦芽糖醇,Maltitol,暂无数据,均适宜,麦芽糖醇（maltitol）又名氢化麦芽糖，化学名1，4-o-α-D-吡喃葡萄糖基-D-山梨糖醇，是由1分子葡萄糖通过α-1，4-键连接一个山梨醇所组成的二糖。分子式为C12H24O11，相对分子质量为344.31。麦芽糖醇为无色透明晶体，易溶于水，难溶于甲醇和乙醇。
萝卜红,Radish red,暂无数据,均适宜,萝卜红（radish red）主要着色成分是天竺葵素的花色苷类。GB 6718-1986标准溶液适用物红心萝卜经螺旋压榨、真空浓缩、喷雾干燥制得的萝卜红成品。在食品工业中作色素。天竺葵素的分子式为C15H11O5X（x代表糖苷基）。LD50（小白鼠经口）：>15000mg/kg 。
硫酸钙,calcium sulfate,暂无数据,均适宜,硫酸钙（calcium sulfate）是一种无机化合物，化学式为CaSO4，白色结晶性粉末，无臭，具涩味，密度2.960克/立方厘米，微溶于水、甘油，不溶于乙醇。 [1-3]   
六偏磷酸钠,Sodium hexametaphosphate,暂无数据,均适宜,六偏磷酸钠，是一种无机化合物，化学式为(NaPO3)6，为白色结晶性粉末，易溶于水，不溶于有机溶剂，主要在食品工业中作为品质改良剂、pH调节剂、金属离子螯合剂、粘合剂和膨胀剂。
磷酸三钙,Calcium Phosphate Tribasic,暂无数据,均适宜,磷酸钙，是一种无机化合物，化学式为Ca3(PO4)2，为白色晶体或无定形粉末，微溶于水，易溶于稀盐酸和硝酸，不溶于乙醇、丙酮和乙醚，常用作抗结剂、酸度调节剂、营养增补剂(强化钙)、增香剂、稳定剂、水分保持剂 [1-2]  ，医药上用作制酸剂 。
磷酸氢钙,Calcium hydrogen phosphate,暂无数据,均适宜,磷酸氢钙，是一种无机化合物，化学式为CaHPO4，为白色结晶性粉末，易溶于稀盐酸、稀硝酸、醋酸，微溶于水，不溶于乙醇，主要用作食品添加剂。
磷酸氢二钠,Dibasic Sodium Phosphate,暂无数据,均适宜,磷酸氢二钠，又名磷酸一氢钠，化学式为Na2HPO4，是磷酸生成的钠盐酸式盐之一。它为易潮解的白色粉末，可溶于水，水溶液呈弱碱性。
磷酸氢二钾,Dipotassium hydrogenphosphate,暂无数据,均适宜,磷酸氢二钾，是一种无机化合物，化学式为K2HPO4，为白色结晶性或无定形粉末，易溶于水，微溶于醇，主要用作防冻剂的缓蚀剂、抗生素培养基的营养剂、发酵工业的磷钾调节剂、饲料添加剂等。
磷酸二氢钾,Potassium dihydrogen phosphate,暂无数据,均适宜,磷酸二氢钾，是一种无机化合物，化学式为KH2PO4，有潮解性，加热至400℃时熔化而成透明的液体，冷却后固化为不透明的玻璃状偏磷酸钾。空气中稳定，溶于水，不溶于乙醇。工业上用作缓冲剂、培养剂，也用作细菌培养剂合成清酒的调味剂，制偏磷酸钾的原料，酿造酵母的培养剂、强化剂、膨松剂、发酵助剂，农业上用作高效磷钾复合肥。
磷酸,Phosphoric acid,暂无数据,均适宜,磷酸，又名正磷酸，是一种常见的无机酸，是中强酸，化学式为H3PO4，分子量为97.995。不易挥发，不易分解，几乎没有氧化性。具有酸的通性，是三元弱酸，其酸性比盐酸、硫酸、硝酸弱，但比醋酸、硼酸等强。磷酸在空气中容易潮解。加热会失水得到焦磷酸，再进一步失水得到偏磷酸。磷酸主要用于制药、食品、肥料等工业，包括作为防锈剂，食品添加剂，牙科和矫形外科，EDIC腐蚀剂，电解质，助焊剂，分散剂，工业腐蚀剂，肥料的原料和组件家居清洁产品，也可用作化学试剂。
亮蓝及其铝色淀,翻译暂缺,暂无数据,均适宜,暂无介绍
酪蛋白酸钠,Sodium caseinate,暂无数据,均适宜,酪朊酸钠亦称酪蛋白酸钠、酪蛋白钠、酪酸钠或干酪素，是牛乳中主要蛋白质酪蛋白的钠盐，是一种安全无害的增稠剂和乳化剂，因为酪蛋白酸钠含有人体所需的各种氨基酸，营养价值很高，也可作为营养强化剂食用。其相对分子质量75000~375000。
辣椒红,翻译暂缺,暂无数据,均适宜,"辣椒红色素，又名辣椒红，是从辣椒中提取的天然着色剂，主要着色成分为辣椒红素和辣椒玉红素，属类胡萝卜素，占总量的50%~60%。此外，还含有一定量非着色成分辣椒素。辣椒红色素不仅色泽鲜艳,色价高,着色力强,保色效果好,可以有效地延长仿真食品的货架期 。"
辣椒橙,"paprical orange,chilli orange",暂无数据,均适宜,辣椒橙是由辣椒果皮分离出来的天然色素，其主要组分是辣椒红素和辣椒玉红素，具有维生素A活性，是人体内自由基的优良清除剂。辣椒橙色素不仅色泽鲜色价高，而且具有营养保健功能，在食品、药品和精细化工等工业部门是一种很有开发前景的天然着色剂。
L(+)-酒石酸,翻译暂缺,暂无数据,均适宜,L(+)-酒石酸所有制化学物质，质量指标<FCCIV，1996>含量（以 C4H6O6 计） 99.7%～100.5%（干基）。
L-苹果酸,L-Malic acid,暂无数据,均适宜,L-苹果酸是一种有机化合物，分子式为C4H6O5，是一种天然存在的二羧酸，水果酸甜味的来源，常用作食品添加剂。
可可壳色,Cacao husk pigment,暂无数据,均适宜,可可壳色(cocao husk pigment，cocao colour)别名可可壳，是由可可豆及其外皮制取，其主要成分为聚黄酮糖苷，分子式为(C16H13O6R)n，n=5～6或以上，R为半乳糖醛酸，相对分子质量大于1500。小鼠经口LD50>10g/kg体重。急性、亚急性毒性试验结果表明，可可壳色素安全性很高 。
抗坏血酸棕榈酸酯,6-O-palmitoyl-L-ascorbic acid,暂无数据,均适宜,抗坏血酸棕榈酸酯为棕榈酸与L-抗坏血酸等天然成分酯化而成，其化学式为C22H38O7，是一种高效的氧清除剂和增效剂，被世界卫生组织（WHO）食品添加剂委员会评定为具有营养性、无毒、高效、使用安全的食品添加剂，是中国唯一可用于婴幼儿食品的抗氧化剂，本品用于食品可起到抗氧化、食品（油脂）护色、营养强化等功效。
抗坏血酸钠,L-Ascorbic Acid Sodium Salt,暂无数据,均适宜,抗坏血酸钠是一种有机物，化学式为C6H7O6Na，白色至微黄白色结晶性粉末或颗粒，无臭，味稍咸。分解温度218℃，干燥状态下较稳定，遇光则颜色加深，吸潮后及在水溶液中缓慢氧化分解。比抗坏血酸易溶于水（62g/100mL），10%水溶液pH约7.5。
卡拉胶,kappa-Carrageenan,暂无数据,均适宜,卡拉胶（Carrageenan）是一种亲水性胶体，又称为麒麟菜胶、石花菜胶、鹿角菜胶、角叉菜胶，因为卡拉胶是从麒麟菜、石花菜、鹿角菜等红藻类海草中提炼出来的亲水性胶体，它的化学结构是由半乳糖及脱水半乳糖所组成的多糖类硫酸酯的钙、钾、钠、铵盐。由于其中硫酸酯结合形态的不同，可分为K型（Kappa）、I型（Iota）、L型（Lambda）。广泛用于制造果冻、冰淇淋、糕点、软糖、罐头、肉制品、八宝粥、银耳燕窝、羹类食品、凉拌食品等等。
聚乙烯醇,"polyvinyl alcohol,vinylalcohol polymer",暂无数据,均适宜,聚乙烯醇是一种有机化合物，化学式为[C2H4O]n，外观是白色片状、絮状或粉末状固体，无味。溶于水（95℃以上），微溶于二甲基亚砜，不溶于汽油、煤油、植物油、苯、甲苯、二氯乙烷、四氯化碳、丙酮、醋酸乙酯、甲醇、乙二醇等。聚乙烯醇是重要的化工原料，用于制造聚乙烯醇缩醛、耐汽油管道和维尼纶、织物处理剂、乳化剂、纸张涂层、粘合剂、胶水等。
聚氧乙烯山梨醇酐单油酸酯,翻译暂缺,暂无数据,均适宜,暂无介绍
聚葡萄糖,Polydextrose,暂无数据,均适宜,聚葡萄糖（polydextrose)是一种水溶性的膳食纤维，化学式为(C6H10O5)n。 为白色或类白色固体颗粒，易溶于水，溶解度70%，10%水溶液的PH值为2.5－7.0，无特殊味，是一种具有保健功能性的食品组分，可以补充人体所需的水溶性膳食纤维。进入人体消化系统后，产生特殊的生理代谢功能，从而防治便秘，脂肪沉积。
聚甘油脂肪酸酯,Polyglyceryl ester of fatty acid,暂无数据,均适宜,聚甘油脂肪酸酯（Polyglyceryl ester of fatty acid）是一组系列产品的总称，别名聚甘油酯（PGFE）、聚甘油单聚脂肪酸酯、脂肪酸聚甘油酯。特点是有较多亲水羟基 。聚甘油脂肪酸酯是一类新型、高效和性能优良的多羟基酯类非离子型表面活性剂，应用于食品、日化、石油、纺织、涂料、塑料、农药、橡胶、医药等领域 。
结冷胶,翻译暂缺,暂无数据,均适宜,结冷胶别名凯可胶、洁冷胶。主要成分由葡萄糖、葡萄糖醛酸和鼠李糖按2：1：1的比例，四种单糖为重复结构单元所组成的线形多聚糖。在天然的高乙酰结构中有乙酰基和甘油酸基存在，它们都位于同一个葡萄糖基上，且平均每一个重复结构有一个甘油酸基，而每两个重复结构有一个乙酰基。经用KOH皂化后，即转变成低乙酰结冷胶。葡萄糖醛酸基上可被钾、钠、钙和镁盐中和。另含发酵生产时所产生的少量氮 。
焦糖色,Caramel,暂无数据,均适宜,焦糖色亦称焦糖，俗称酱色，英文Caramel，德文称为“卡拉麦几乳考”（karamelxucker)，法文称为“苏克力、卡拉麦列西”（sucrecaramelise)。焦糖是一种在食品中应用范围十分广泛的天然着色剂，是食品添加剂中的重要一员。
焦磷酸钠,sodium diphosphate,暂无数据,均适宜,焦磷酸钠，是一种无机化合物，化学式为Na4P2O7，为白色结晶性粉末，在空气中易吸收水分而潮解，溶于水，不溶于乙醇和其他有机溶剂。与Cu2+、Fe3+、Mn2+等金属离子络合能力强，水溶液在70℃以下尚稳定，煮沸则水解成磷酸氢二钠 。
甲基纤维素,Methyl Cellulose,暂无数据,均适宜,甲基纤维素是一种非离子纤维素醚，它是通过醚化在纤维素中引入甲基而制成的。
黄原胶|汉生胶,翻译暂缺,暂无数据,均适宜,暂无介绍
环己基氨基磺酸钠,Sodium cyclamate,暂无数据,均适宜,甜蜜素，化学名称为环己烷氨基磺酸钠，是一种有机化合物，化学式为C6H12NNaO3S，是一种常用的甜味剂，甜度是蔗糖的30～40倍 。
滑石粉,Talcum powder,暂无数据,均适宜,滑石粉是一种工业产品，为硅酸镁盐类矿物滑石族滑石，主要成分为含水硅酸镁，经粉碎后，用盐酸处理，水洗，干燥而成。
红曲黄色素,monascus yellow,暂无数据,均适宜,红曲黄色素（monascus yellow）是以紫色红曲霉（Monascus purpureus）和赤红曲霉（M.anka）为原料，利用现代的生物技术提取而成的天然着色剂，主要成分为红曲黄素（ankaflavin）和红曲素（monascin）等。红曲黄色素主要用于糖果，果冻，冷饮等的着色，为黄色着色剂。
红花黄,SaffowerYellower;Saffron,暂无数据,均适宜,红花黄(sailor yellow)，分子式C21 H22 Oll，相对分子质量450.39。主要呈色物质为红花黄及其氧化物，也可含有原料中存在的糖类、盐类和蛋白质。作为商品，可加有糊精之类载体以利于干燥和制成粉末。安全性ADI尚未规定(FAO/WHO，1994)，LD50≥20.0g/kg(小鼠，经口) 。
黑豆红,翻译暂缺,暂无数据,均适宜,黑豆红，一种食品添加剂。以黑豆的种皮为原料提取。黑豆红色素包括矢车菊素-3-葡萄糖苷、飞燕草素-3-葡萄糖苷和矢车菊素-3-半乳糖苷三种花色苷，主要着色成分为矢车菊素-3-半乳糖苷。
海藻酸钠,sodium alginate,暂无数据,均适宜,海藻酸钠是从褐藻类的海带或马尾藻中提取碘和甘露醇之后的副产物，其分子由β-D-甘露糖醛酸（β-D-mannuronic，M）和α-L-古洛糖醛酸（α-L-guluronic，G）按（1→4）键连接而成，是一种天然多糖，具有药物制剂辅料所需的稳定性、溶解性、粘性和安全性。海藻酸钠已经在食品工业和医药领域得到了广泛应用。
海藻酸钾,Potassium alginate,暂无数据,均适宜,海藻酸钾是一种化学物质，主要用于面膜、牙模等印模材料，也用于电焊条的药皮，用于食品、化妆品等。
果胶,pectin,暂无数据,均适宜,果胶是一种多糖，其组成有同质多糖和杂多糖两种类型。它们多存在于植物细胞壁和细胞内层，大量存在于柑橘、柠檬、柚子等果皮中。呈白色至黄色粉状，相对分子质量约20000～400000，无味。在酸性溶液中较在碱性溶液中稳定，通常按其酯化度分为高酯果胶及低酯果胶。高酯果胶在可溶性糖含量≥60%、pH=2.6～3.4的范围内形成非可逆性凝胶。低酯果胶一部分甲酯转变为伯酰胺，不受糖、酸的影响，但需与钙、镁等二价离子结合才能形成凝胶。
瓜尔胶,guar gum,暂无数据,均适宜,瓜尔胶，又名瓜尔豆胶，是豆科植物瓜尔豆的提取物，是一种半乳甘露聚糖，一般用作食品增稠剂。
甘油,Glycerol,暂无数据,均适宜,丙三醇，又名甘油，是一种有机化合物，化学式为C3H8O3，是一种简单的多元醇化合物。它是一种无色无臭有甜味的黏性液体，无毒。甘油主链存在于被称为甘油酯的脂质中。由于它具有抗菌和抗病毒特性，因此广泛用于FDA批准的伤口和烧伤治疗。相反，它也用作细菌培养基 。它可作为衡量肝脏疾病的有效标志物。它还广泛用作食品工业中的甜味剂和药物配方中的保湿剂。由于其有三个羟基，甘油可与水混溶并具有吸湿性 。
富马酸,Fumaric acid,暂无数据,均适宜,反丁烯二酸，又名延胡索酸、富马酸、紫堇酸，化学式为C4H4O4，是由丁烯衍生出的羧酸，是一种无色、易燃的晶体。
蜂蜡,Beeswax,暂无数据,均适宜,《蜂蜡》是由安德鲁・布西内斯克自编自导的美国喜剧片，Tilly Hatcher、Maggie Hatcher、Alex Karpovsky主演。
二氧化钛,Titanium Dioxide,暂无数据,均适宜,二氧化钛，是一种无机化合物，化学式为TiO2，为白色固体或粉末状的两性氧化物，分子量79.866，具有无毒、最佳的不透明性、最佳白度和光亮度，被认为是现今世界上性能最好的一种白色颜料。钛白的粘附力强，不易起化学变化，永远是雪白的。广泛应用于涂料、塑料、造纸、印刷油墨、化纤、橡胶、化妆品等工业。它的熔点很高，也被用来制造耐火玻璃，釉料，珐琅、陶土、耐高温的实验器皿等。二氧化钛可由金红石用酸分解提取或由四氯化钛分解得到。二氧化钛在自然界中存在三种同素异形态：金红石型、锐钛型和板钛型，此外还有数种人工合成的晶型。
二氧化硅,Silicon dioxide,暂无数据,均适宜,二氧化硅，是一种无机化合物，化学式为SiO2，硅原子和氧原子长程有序排列形成晶态二氧化硅，短程有序或长程无序排列形成非晶态二氧化硅。
二丁基羟基甲苯|BHT,翻译暂缺,暂无数据,均适宜,暂无介绍
对羟基苯甲酸酯类及其钠盐|对羟基苯甲酸甲酯钠|对羟基苯甲酸乙酯及其钠盐,翻译暂缺,暂无数据,均适宜,暂无介绍
丁基羟基茴香醚|BHA,翻译暂缺,暂无数据,均适宜,暂无介绍
靛蓝及其铝色淀,翻译暂缺,暂无数据,均适宜,暂无介绍
"单,双甘油脂肪酸酯",mono-and diglycerides of fatty acids,暂无数据,均适宜,单，双甘油脂肪酸酯（油酸、亚油酸、亚麻酸、棕榈酸、山嵛酸、硬脂酸、月桂酸）。
DL-苹果酸|DL-苹果酸钠,翻译暂缺,暂无数据,均适宜,暂无介绍
dl-酒石酸,Tartaricacid,暂无数据,均适宜,酒石酸（Tartaric Acid）最早从酿造葡萄酒的副产物酒石中提取。由于分子结构中存在两个不对称的碳原子，所以存在左旋体（L-酒石酸）和右旋体（D-酒石酸）、内消旋体（MESO-酒石酸）及外消旋体（DL-酒石酸）。
D-甘露糖醇,D-Mannitol,暂无数据,均适宜,D-甘露糖醇（D-Mannitol），是一种化学物质，分子式是C6H14O6。
醋酸酯淀粉,Starch acetate,暂无数据,均适宜,醋酸酯淀粉是一种黏度高，澄明度高，凝沉性弱，储存稳定的淀粉，在食品加工中用作增稠剂、稳定剂、黏结剂、制食用淀粉膜，按生产需要在肉糜制品、酱油、汤罐头、巧克力等方面适量使用。
赤藓糖醇,Erythritol,暂无数据,均适宜,赤藓糖醇，是一种填充型甜味剂，是四碳糖醇，分子式为C4H10O4。赤藓糖醇在自然界中广泛存在，如真菌类蘑菇、地衣，瓜果类甜瓜、葡萄、梨，动物的眼球晶体、血浆、胎液、精液、尿液中也能少量检测到，在发酵食品葡萄酒、啤酒、酱油、日本清酒中也有少量存在。 可由葡萄糖发酵制得，为白色结晶粉末，具有爽口的甜味，不易吸收，高温时稳定，在广泛pH范围内稳定，在口中溶解时有温和的凉爽感，适用于多种食品。
赤藓红及其铝色淀,翻译暂缺,暂无数据,均适宜,暂无介绍
冰乙酸,Acetic Acid,暂无数据,均适宜,乙酸，也叫醋酸，是一种有机化合物，化学式CH3COOH，是一种有机一元酸，为食醋主要成分。纯的无水乙酸（冰醋酸）是无色的吸湿性液体，凝固点为16.6℃（62H），凝固后为无色晶体，其水溶液中弱酸性且腐蚀性强，对金属有强烈腐蚀性，蒸汽对眼和鼻有刺激性作用。
苯甲酸及其钠盐,翻译暂缺,暂无数据,均适宜,暂无介绍
巴西棕榈蜡,Carnauba wax,暂无数据,均适宜,巴西棕榈蜡，由巴西棕榈树叶中取得，主要由蜡酯、高碳醇、烃类和树脂状物质组成。为淡棕色至灰黄色的粉末、薄片或形状不规则且质地硬脆的蜡块。具有温和特臭，但几乎无味。皂化值为78~95，碘值为5 ~ 14，巴西棕榈蜡不发生酸败。溶于温热的三氯甲烷和温热的甲苯，微溶于沸腾的乙醇（95% ），几乎不溶于水。
β-环状糊精,翻译暂缺,暂无数据,均适宜,环状糊精（β-cyclodextrin简称β-CD）是淀粉经酸解环化生成的产物。它可以包络各种化合物分子，增加被包络物对光热、氧的稳定性，改变被包络物质的理化性质。
β-阿朴-8'-胡萝卜素醛,翻译暂缺,暂无数据,均适宜,暂无介绍
阿拉伯胶,Acacia senegal,暂无数据,均适宜,阿拉伯胶，又称阿拉伯树胶，来源于豆科的金合欢树属的树干渗出物，因此也称金合欢胶。阿拉伯胶主要成分为高分子多糖类及其钙、镁和钾盐。主要包括有树胶醛糖、半乳糖、葡萄糖醛酸等。品质良好的阿拉伯胶颜色呈琥珀色，且颗粒大而圆，主要产于非洲。
低聚异麦芽糖,IMO,暂无数据,均适宜,自然界中低聚异麦芽糖极少以游离状态存在，但作为支链淀粉或多糖的组成部分，在某些发酵食品如酱油、黄酒或酶法葡萄糖浆中有少量存在。 工业上以淀粉为原料生产低聚异麦芽糖需要一种酶，此酶为α-葡萄糖苷酶，又名葡萄糖基转移酶，简称α-糖苷酶。它能切开麦芽糖和麦芽低聚糖分子结构中α-1，6糖苷键，并能将游离出来的一个葡萄糖残基转移到另一个葡萄糖分子或麦芽糖或麦芽三糖等分子中的α-1，6位上，形成异麦芽糖、异麦芽三糖、异麦芽四糖、异麦芽五糖和潘糖等。
低聚果糖,Fructo oligosaccharide，FOS,暂无数据,均适宜,低聚果糖又称果寡糖或蔗糖三糖族低聚糖。低聚果糖通常食用的很多水果、蔬菜中均存在。 蔗糖分子以β-（1→2）糖苷键与1-3个果糖分子结合成的蔗果三糖，蔗果四糖和蔗果五糖，属于果糖和葡萄糖构成的直链杂低聚糖。 分子式为G-F- Fn（n=1，2，3，G为葡萄糖，F为果糖）。
冠突散囊菌,翻译暂缺,暂无数据,均适宜,金花，是“冠突散囊菌”，是对人有益的酵素类菌。“金花”能分泌淀粉酶和氧化酶，可催化茶叶中的蛋白质、淀粉转化为单糖，催化多酚类化合物氧化，转化成对人体有益的物质，使茶叶的口感等特性提高和优化。
油葡萄（山桐子）油（后更名为“山桐子油（油葡萄油）”）,翻译暂缺,暂无数据,均适宜,暂无介绍
甜茶,翻译暂缺,暂无数据,均适宜,甜茶（Rubus chingii var. suavissimus (S. Lee) L. T. Lu），蔷薇科悬钩子属落叶灌木 。树高1-3米；小枝光滑无毛，常带白粉；叶片呈掌状；花开放时呈白色，有5片花瓣 ； 聚合果，呈卵球形，幼时灰青色，熟时橙红色，味甜可食 。种子褐色，呈椭圆形，有纵脉纹；花期7-8月；果期11-12月 。
明日叶提取物（后更名为明日叶汁粉）,翻译暂缺,暂无数据,均适宜,暂无介绍
养殖红鳍东方,翻译暂缺,暂无数据,均适宜,养殖红鳍东方得到养殖工艺 是在控毒条件下，经日常管理及剪牙等室内外养殖，养殖成为鲜活红鳍东方。
养殖暗纹东方,翻译暂缺,暂无数据,均适宜,养殖暗纹东方，主要成分是蛋白质、氨基酸，来源为海水养殖。
文冠果油,翻译暂缺,暂无数据,均适宜,暂无介绍
马乳酒样乳杆菌马乳酒样亚种,翻译暂缺,暂无数据,均适宜,暂无介绍
透明质酸钠,Sodium Hyaluronate,≤200 毫克/天（推荐食用量）,婴幼儿、孕妇及哺乳期妇女不宜食用,透明质酸钠，化学式为(C14H20NO11Na)n，是人体内一种固有的成分，是一种葡聚糖醛酸，没有种属特异性，它广泛存在于胎盘、羊水、晶状体、关节软骨、皮肤真皮层等组织、器官中。它分布在细胞质、细胞间质中，对其中所含的细胞和细胞器官本身起润滑与滋养作用。
蝉花子实体(人工培植),翻译暂缺,≤3 克/天（以干品计）,婴幼儿、孕妇、哺乳期妇女及食用菌过敏者不宜食用,暂无介绍
β-胡萝卜素,,成人，每日用量最低值1.5mg，最高值5mg,均适宜,β-胡萝卜素（C40H56）是类胡萝卜素之一，是一种橘黄色的脂溶性化合物，它是自然界中最普遍存在也是最稳定的天然色素。 属于天然化学物（例如胡萝卜素或类胡萝卜素）家庭的一员。它在植物中大量地存在，令水果和蔬菜拥有了饱满的黄色和橘色。 纯品外观为红紫色至暗红色结晶性粉末，略有特异臭味。 β-胡萝卜素稀溶液呈橙黄色，易溶于二氯甲烷、氯仿、二硫化碳等有机溶剂。 溶液浓度增大时带橙色，因溶剂的极性可稍带红色。遇氧、热及光不稳定。在弱碱中较稳定。
β-胡萝卜素,,成人，每日用量最低值1.5mg，最高值7mg,均适宜,β-胡萝卜素（C40H56）是类胡萝卜素之一，是一种橘黄色的脂溶性化合物，它是自然界中最普遍存在也是最稳定的天然色素。 属于天然化学物（例如胡萝卜素或类胡萝卜素）家庭的一员。它在植物中大量地存在，令水果和蔬菜拥有了饱满的黄色和橘色。 纯品外观为红紫色至暗红色结晶性粉末，略有特异臭味。 β-胡萝卜素稀溶液呈橙黄色，易溶于二氯甲烷、氯仿、二硫化碳等有机溶剂。 溶液浓度增大时带橙色，因溶剂的极性可稍带红色。遇氧、热及光不稳定。在弱碱中较稳定。
D-泛酸钠,翻译暂缺,1-3岁人群，每日用量最低值0.4mg（以泛酸计），最高值2.0mg（以泛酸计）；,均适宜,暂无介绍
氯化胆碱,Choline chloride,1-3岁人群，每日用量最低值40mg（以胆碱计），最高值240mg（以胆碱计）；,均适宜,氯化胆碱是一种有机物，化学式为C5H14ClNO，白色吸湿性结晶，无味，有鱼腥臭。熔点305℃。10%水溶液pH5-6，在碱液中不稳定。本品易溶于水和乙醇，不溶于乙醚、石油醚、苯和二硫化碳。低毒，LD50(大鼠，经口)3400 mg/kg。用于治疗脂肪肝和肝硬化。也作为禽畜饲料添加剂，能刺激卵巢多产蛋、产仔及禽畜、鱼类等增重。
硒蛋白,selenoprotein,4-6岁人群，每日用量最低值5μg（以Se计），最高值30μg（以Se计）；,均适宜,硒蛋白（selenoprotein），是含硒的蛋白的简写。通常的理解误区是－认为只有含有硒半胱氨酸残基的蛋白质才是硒蛋白，或硒蛋白只含有硒半胱氨酸残基。事实上，只有硒酶（selenoenzyme）几乎都是以硒半胱氨酸残基作为催化中心的硒蛋白，而不是所有的硒蛋白都具有催化功能。
硒化卡拉胶,翻译暂缺,4-6岁人群，每日用量最低值5μg（以Se计），最高值30μg（以Se计）；,均适宜,暂无介绍
氯化锌,Zinc chloride,1-3岁人群，每日用量最低值0.8mg（以Zn计），最高值3.0mg（以Zn计）；,均适宜,氯化锌，是一种无机化合物，化学式为ZnCl2，为白色结晶性粉末， 易溶于水，溶于甲醇、乙醇、甘油、丙酮、乙醚，不溶于液氨，主要用作脱水剂、催化剂、防腐剂，还用于电镀、医药、农药等工业。
乙酸锌,zinc acetate,1-3岁人群，每日用量最低值0.8mg（以Zn计），最高值3.0mg（以Zn计）；,均适宜,乙酸锌是一种有机盐类，化学式为(CH3COO)2Zn，为有光泽的六面体鳞片或片晶体，有乙酸气味，由氧化锌与乙酸作用而得。一般用于制锌盐、也用作媒染剂、木材防腐剂、试剂等。
柠檬酸亚铁钠,"1,2,3-Propanetricarboxylicacid,",1-3岁人群，每日用量最低值1.5mg（以Fe计），最高值7.0mg（以Fe计）；,均适宜,柠檬酸亚铁钠是一种化学物质，分子式是C6H8O7。
柠檬酸铁,Ferric citrate,1-3岁人群，每日用量最低值1.5mg（以Fe计），最高值7.0mg（以Fe计）；,均适宜,柠檬酸铁(Ferric citrate)，也叫做柠檬酸三铁，无机化合物。是一种可食用的柠檬酸盐。常用作酸味剂。也可用作医药方面。
焦磷酸铁,Iron(III) pyrophosphate,1-3岁人群，每日用量最低值1.5mg（以Fe计），最高值7.0mg（以Fe计）；,均适宜,焦磷酸铁，是一种无机化合物，化学式为Fe4(P2O7)3，为黄白色粉末，微溶于水及醋酸，溶于无机酸、碱溶液、柠檬酸，不溶于冷水，主要用作食品添加剂、强化剂、合成纤维防火剂、防腐颜料和催化剂等。
葡萄糖酸钾,翻译暂缺,4-6岁人群，每日用量最低值250mg（以K计），最高值1200mg（以K计）；,均适宜,葡萄糖酸钾是一种化学物质，分子式是C6H11O7.K; C6H11KO7。
葡萄糖酸镁,翻译暂缺,4-6岁人群，每日用量最低值30mg（以Mg计），最高值200mg（以Mg计）；,均适宜,葡萄糖酸镁（化学式：MgC12H22O14）是葡萄糖酸的镁盐。呈白色或灰白色无臭细粉。溶于水。由氧化镁或碳酸镁溶解于葡萄糖酸中而得。用作营养增补剂、缓冲剂、固化剂等。
柠檬酸苹果酸钙,Calcium Citrate Malate,4-6岁人群，每日用量最低值150mg（以Ca计），最高值700mg（以Ca计）；,均适宜,"柠檬酸苹果酸钙（Calcium Citrate Malate,简称CCM）是由碳酸钙，柠檬酸和苹果酸按照一定比例反应生成的有机酸复合物，具有高溶解性、高生物学吸收利用性、减少铁吸收阻碍、风味良好且安全无毒的优点。"
破壁灵芝孢子粉,翻译暂缺,1-4g,少年儿童、孕妇及乳母,灵芝孢子是灵芝在发育后期产生释放来的种子，是灵芝的精华，主要营养成分有灵芝多糖、灵芝三萜。
褪黑素,Melatonin,1-3mg,少年儿童、孕妇、乳母,褪黑素（Melatonin，MT）是由脑松果体分泌的激素之一。褪黑素属于吲哚杂环类化合物，其化学名是N-乙酰基-5甲氧基色胺，又称为松果体素、褪黑激素、褪黑色素。褪黑素合成后，储存在松果体内，交感神经兴奋支配松果体细胞释放褪黑素。褪黑素的分泌具有明显的昼夜节律，白天分泌受抑制，晚上分泌活跃。褪黑素可抑制下丘脑-垂体-性腺轴，使促性腺激素释放激素、促性腺激素、黄体生成素以及卵泡刺激素的含量均减低， 并可直接作用于性腺，降低雄激素、雌激素及孕激素的含量。另外，MT有强大的神经内分泌免疫调节活性和清除自由基抗氧化能力，可能会成为新的抗病毒治疗的方法和途径。MT最终在肝脏中代谢，肝细胞的损伤可影响体内MT的水平 [1-2]  。
鱼油,翻译暂缺,不高于4.0g（其中，EPA+DHA的用量不低于1.0g）,少年儿童、孕妇、乳母；出血倾向者和出血性疾病患者；肝功能不全者,鱼油是一种从多脂鱼类中提取的油脂，富含二十碳五烯酸（EPA）和二十二碳六烯酸（DHA，俗称脑黄金）多种n-3系多不饱和脂肪酸（n-3PUFA）。
螺旋藻,翻译暂缺,3-4g,婴幼儿、孕妇及乳母、过敏体质人群,螺旋藻，颤藻科螺旋藻属一类经济微藻， 原核生物。藻丝体为单列细胞构成无分支、无异性胞的丝状体，通常呈蓝绿色，藻丝体具规则的螺旋状卷曲结构，整体可呈圆柱形、纺锤形或哑铃型；藻丝两端略细，末端细胞钝圆或具帽状结构；通常无鞘，偶具薄而透明的鞘；细胞呈圆柱状；细胞间有明显横隔，横隔处无或不具明显缩缢。 螺旋藻在显微镜下观察体形呈螺旋状，故名螺旋藻。
辅酶Q10,COENZYME Q10,30-50mg,少年儿童、孕妇、乳母、过敏体质人群,"辅酶Q10，化学名称为2-[(全-E) 3,7,11,15,19,23,27,31,35,39-十甲基-2,6,10，14,18,22,26,30,34,38-四十癸烯基}- 5,6-二甲氧基-3-甲基-p-苯醌， 是真核细胞线粒体中电子传递链和有氧呼吸的参与物质之一，为黄色至橙黄色结晶性粉末，无臭无味，遇光易分解。"
竹叶黄酮,antioxidant of bamboo leaves; AOB,≤2克/天,均适宜,竹叶黄酮是一种天然有机混合物。主要由荭草苷（Orientin）、异荭草苷（Homoorientin）、牡荆苷（Vitexin）和异牡荆苷（Isovitexin）组成 。具有较大的极性和亲水性，易溶于热水、甲醇、乙醇、丙酮等溶剂。其分子中都具有酚羟基和糖苷链，生成氢键的能力较强，有利于弱极性和极性树脂吸附，可以使用大孔树脂等有机高分子聚合物吸附剂来进行纯化 。
番茄籽油,tomato seed oil,暂无数据,均适宜,番茄籽油 (tomato seed oil)是从番茄籽中经过亚临界低温萃取制得的天然优质食用油。番茄籽油属高亚油酸食用油，并富含番茄红素和维生素E和维生素A的前体胡萝卜素番茄籽油营养丰富，番茄籽筛选及分离工艺复杂，因此，价格比一般食用油要高。
赶黄草 （原名：泸州古蔺赶黄草）,翻译暂缺,≤8克/天,婴幼儿、少年儿童、孕妇及哺乳期妇女不宜食用,暂无介绍
两歧双歧杆菌 R0071,翻译暂缺,暂无数据,均适宜,暂无介绍
婴儿双歧杆菌 R0033,翻译暂缺,暂无数据,均适宜,暂无介绍
瑞士乳杆菌 R0052,翻译暂缺,暂无数据,均适宜,暂无介绍
荜茇,翻译暂缺,暂无数据,均适宜,荜拔（Piper longum L.）是胡椒科胡椒属多年生草质攀援藤本植物。植株长达数米，大多数部位常被粉状细柔毛；枝呈“之”字形，具粗棱及沟槽；叶纸质，下部叶卵圆形或稍肾形，顶端叶卵形或卵状长圆形，下部叶柄较长；花单性，雌雄异株；果实为核果，球形。花期7~10月。
姜黄,翻译暂缺,暂无数据,均适宜,姜黄（Curcuma longa L.）是姜科姜黄属植物，根茎发达、成丛，分枝多，呈椭圆形或圆柱形；叶为长圆形或椭圆形；花葶由顶部叶鞘内抽出；穗状花序呈圆柱形；苞片是卵形或长圆形，颜色为淡绿色；花冠呈淡黄色，姜黄花期为8月。 “姜黄”药用之名，始载于《新修本草》，指该属多种植物，至清确定为本种，此后演化为“姜黄”主流品种。
草果,翻译暂缺,暂无数据,均适宜,草果（Amomum tsaoko Crevost & Lem.）是姜科豆蔻属多年生草本植物。茎丛生，全株有辛香气，地下部分略似生姜叶片长椭圆形或长圆形，两面光滑无毛；苞片披针形，顶端渐尖；花冠红色；唇瓣椭圆形；蒴果密生，长圆形或长椭圆形，无毛；种子多角形，有浓郁香味。花期4~6月，果期9~12月。
西红花,翻译暂缺,暂无数据,均适宜,西红花，中药名。为鸢尾科植物番红花Crocus sativus L的干燥柱头。引入栽培种。现北京、山东、浙江、四川等地有栽培。具有活血化瘀，凉血解毒，解郁安神的功效。用于经闭症瘕，产后瘀阻，温毒发斑，忧郁痞闷，惊悸发狂。
山柰,翻译暂缺,暂无数据,均适宜,山柰（Kaempferia galanga L. ）是姜科，山柰属多年生低矮草本植物，根茎块状，单生或数枚连接，芳香。叶通常贴近地面生长，近圆形，无毛或于叶背被稀疏的长柔毛，无柄；花顶生，半藏于叶鞘中；苞片披针形，花白色，有香味，易凋谢；花萼约与苞片等长；唇瓣白色，雄蕊无花丝，药隔附属体正方形，果为蒴果。8-9月开花。
当归,翻译暂缺,暂无数据,均适宜,当归（Angelica sinensis (Oliv.) Diels）是伞形科当归属多年生草本植物。根圆柱状，分枝，黄棕色；茎直立，绿白色或带紫色，有纵深沟纹；叶羽状分裂，紫色或绿色，卵形；花白色，花柄密被细柔毛，花瓣长卵形，花柱基圆锥形，花期6-7月。果实椭圆至卵形，翅边缘淡紫色，果期7-9月。 《本草纲目》中记载：“古人娶妻，为嗣续也。当归调血，为女人要药，有思夫之意，故有当归之名。”
灵芝（紫芝）（试点）,翻译暂缺,暂无数据,均适宜,暂无介绍
膜荚黄芪（试点）,翻译暂缺,暂无数据,均适宜,暂无介绍
川党参（试点）,翻译暂缺,暂无数据,均适宜,暂无介绍
素花党参（试点）,翻译暂缺,暂无数据,均适宜,暂无介绍
杜仲叶（试点）,翻译暂缺,暂无数据,均适宜,暂无介绍
天麻（试点）,翻译暂缺,暂无数据,均适宜,暂无介绍
山茱萸（试点）,翻译暂缺,暂无数据,均适宜,暂无介绍
灵芝（赤芝）（试点）,翻译暂缺,暂无数据,均适宜,暂无介绍
蒙古黄芪（试点）,翻译暂缺,暂无数据,均适宜,暂无介绍
西洋参（试点）,翻译暂缺,暂无数据,均适宜,暂无介绍
铁皮石斛（试点）,翻译暂缺,暂无数据,均适宜,暂无介绍
荒漠肉苁蓉（试点）,翻译暂缺,暂无数据,均适宜,暂无介绍
党参（试点）,翻译暂缺,暂无数据,均适宜,暂无介绍
枇杷花,翻译暂缺,推荐食用量：干品≤8克/天,婴幼儿、孕妇及哺乳期妇女不宜食用,枇杷花，中药名。为蔷薇科植物枇杷Eriobotrya japonica(Thunb.) Lindl.的花。分布于甘肃、陕西、河南、江苏、安徽、浙江、江西、湖北、湖南、四川、云南、贵州、广西、广东、福建、台湾等地。具有疏风止咳、通鼻窍之功效。常用于头风，鼻塞流涕，虚劳久嗽，痰中带血。
明日叶,翻译暂缺,推荐食用量:鲜品≤50克/天（干品推荐食用量以鲜品折算）,婴幼儿、孕妇及哺乳期妇女不宜食用,明日叶（Angelica keiskei Koidz.），伞形科当归属多年生大草本。茎叶内含黄色液汁，茎直立，多分枝；基生叶丛生，具长柄，基部扩大抱茎，浅裂或深裂，小羽叶卵形或广卵形，先端尖，细锯齿缘，两面光滑无毛;茎上叶渐小；复伞形花序，被短毛；无总苞，小苞片数枚，广线形；小花多数，乳黄色。果实长椭圆形，稍扁平；花期5~10月，果期9~12月 。明日叶，因今天摘了叶子，明天就能冒出新叶的强盛生命力而得名，故曰明日叶。
弯曲乳杆菌,翻译暂缺,暂无数据,婴幼儿不宜食用,暂无介绍
金线莲（后更名为金线兰）,翻译暂缺,暂无数据,均适宜,暂无介绍
桃花,Peach blossom,暂无数据,均适宜,桃花，蔷薇科李属桃（Prunus persica）的多年生乔木植物桃树的花，树干灰褐色，叶椭圆状披针形，单叶互生，边缘具有细锯齿，花单生，先叶开放，核果近球形，花期3―4月，果期6-9月。 桃花的名字来源于《诗经》中的“桃之夭夭，灼灼其华”。
石榴子,SEMEN PUNICAE GRANATI,暂无数据,均适宜,石榴子为安石榴科植物安石榴Punica granatum L.的干燥种子。秋季果实成熟后除去果皮，晒干。
龟甲胶,翻译暂缺,暂无数据,均适宜,龟胶又称龟甲胶具有滋阴、补血，止血的功效，用于主治阴虚血亏、劳热骨蒸、吐血、衄血、烦热惊悸、肾虚腰痛、脚膝痿弱、崩漏、带下等症状。
鹿角胶,翻译暂缺,暂无数据,均适宜,鹿角胶，温补肝肾，益精养血。用于血虚头晕，腰膝酸冷，虚劳消瘦。
聚葡萄糖,Polydextrose,暂无数据,均适宜,聚葡萄糖（polydextrose)是一种水溶性的膳食纤维，化学式为(C6H10O5)n。 为白色或类白色固体颗粒，易溶于水，溶解度70%，10%水溶液的PH值为2.5－7.0，无特殊味，是一种具有保健功能性的食品组分，可以补充人体所需的水溶性膳食纤维。进入人体消化系统后，产生特殊的生理代谢功能，从而防治便秘，脂肪沉积。
球状念珠藻（葛仙米）,翻译暂缺,≤ 3克/天(以干品计),婴幼儿、孕妇及哺乳期妇女不宜食用,暂无介绍
黑果腺肋花楸果,翻译暂缺,≤10g/天（以鲜品计）,婴幼儿、孕妇及哺乳期妇女不宜食用,黑果腺肋花楸果又名野樱莓、不老莓，腺肋花楸果实，英文名Aronia和black chokeberry，原产于北美东北部，后传入欧洲。它可以分成两个品种：黑果腺肋花楸（黑色不老莓）和红果腺肋花楸（红色不老莓）。腺肋花楸中用于水果生产的品种主要来自黑果腺肋花楸。
铁皮石斛叶,翻译暂缺,暂无数据,均适宜,暂无介绍
铁皮石斛花,翻译暂缺,暂无数据,均适宜,石斛花，兰科石斛属多年生草本植物。花茎较粗，呈圆柱型；叶子较薄，呈长圆形，叶梢下有绒毛；花朵较大，呈多边形，红色，略具有青草香气；根较细，嫩白色，表面光滑。 《本草纲目》记载“金钗股石斛花”，此草与石斛形状相似，故名石斛花。
然波（珠芽蓼果实粉）,翻译暂缺,暂无数据,均适宜,暂无介绍
人参不定根,翻译暂缺,暂无数据,均适宜,暂无介绍
白木香叶,翻译暂缺,暂无数据,均适宜,暂无介绍
牛大力粉,翻译暂缺,暂无数据,均适宜,暂无介绍
湖北海棠叶|茶海棠叶,翻译暂缺,≤15克/天,孕妇、哺乳期妇女及婴幼儿不宜食用。,暂无介绍
蝙蝠蛾被毛孢,翻译暂缺,暂无数据,均适宜,暂无介绍
蝙蝠蛾拟青霉,翻译暂缺,暂无数据,均适宜,蝙蝠蛾拟青霉是Paecilomyces属的微生物，原产地为中国。
产朊假丝酵母,Candida utilis,暂无数据,均适宜,产朊假丝酵母（Candida utilis）又叫产朊圆酵母或食用圆酵母。其蛋白质和维生素B的含量都比啤酒酵母高，它能以尿素和硝酸作为氮源，在培养基中不需要加入任何生长因子即可生长。它能利用五碳糖和六碳糖，有氧条件下不产酒精，既能利用造纸工业的亚硫酸废液，还能利用糖蜜、木材水解液等生产出人畜可食用的蛋白质。
德氏乳杆菌保加利亚种,翻译暂缺,暂无数据,均适宜,暂无介绍
短双岐杆菌,翻译暂缺,暂无数据,均适宜,暂无介绍
副干酪乳杆菌,Lactobacillus paracasei,暂无数据,均适宜,副干酪乳杆菌经发酵培养、离心、急速冷冻、干燥、包装等步骤生产而成。
干酪乳杆菌干酪亚种,翻译暂缺,暂无数据,均适宜,干酪乳杆菌干酪亚种用于实验和科研检测用，属于菌株类。
红曲霉,翻译暂缺,暂无数据,均适宜,红曲霉 （Monascus purpureus Went.） 中文别名 红曲、红糟、红大米。散囊菌目中的一属子囊菌曲霉科真菌。存在于树木、土壤和堆积物等。在麦芽汁琼脂培养基上生长良好，菌落初为白色，老熟后变成淡粉色、紫色或灰黑色。多形成红色。
卡氏酵母,翻译暂缺,暂无数据,均适宜,暂无介绍
两岐双岐杆菌,翻译暂缺,暂无数据,均适宜,暂无介绍
灵芝,翻译暂缺,暂无数据,均适宜,灵芝（学名：Ganoderma lucidum (Curtis) P. Karst.）是灵芝科、灵芝属真菌。灵芝子实体大多为一年生，少数为多年生，有柄，小柄侧生。菌盖木质，木栓质，扇形，具沟纹，肾形、半圆形或近圆形，表面褐黄色或红褐色，血红至栗色，有时边缘逐渐变成淡黄褐色至黄白色，具似漆样光泽，盖表有同心环沟，边缘锐或稍钝，往往内卷。菌肉白色至淡褐色，接近菌管处常成淡褐色，菌管小，管孔面淡白色，白肉桂色，淡褐色至淡黄褐色，管口近圆形，菌柄侧生、偏生或中生，近圆柱形，有较强的漆样光泽。担孢子卵形或顶端平截，双层壁，外壁透明、平滑，内壁褐色或淡褐色，具小刺，中央具一油滴。
罗伊氏乳杆菌,Lactobacillus reuteri,暂无数据,均适宜,罗伊氏乳杆菌(Lactobacillus reuteri)是已报道的几乎天然存在于所有脊椎动物和哺乳动物肠道内的乳酸菌。罗伊氏乳杆菌对肠黏膜具有很强的黏附能力，可改善肠道菌群分布，拮抗有害菌定植，避免罹患肠道疾病;罗伊氏乳杆菌能产生一种被称为“罗伊氏菌素(Reuterin)”的非蛋白质类广谱抗菌物质，能广泛抑制革兰氏阳性菌、革兰氏阴性菌、酵母、真菌和病原虫等的生长。罗伊氏乳杆菌益生菌制剂可改善人体机能，提高免疫力从而促进人体健康。我国卫生部于2003年批准了罗伊氏乳杆菌可作为人类保健品的微生物菌种，且该菌已是国际上公认的新型益生乳酸菌，具有很高的理论研究和生产应用价值。
酿酒酵母,翻译暂缺,暂无数据,均适宜,酿酒酵母（Saccharomyces cerevisiae），又称面包酵母或者出芽酵母。酿酒酵母是与人类关系最广泛的一种酵母，用于制作面包和馒头等食品及酿酒。酿酒酵母的细胞为球形或者卵形，直径5-10μm。其繁殖的方法为出芽生殖。酿酒酵母与同为真核生物的动物和植物细胞具有很多相同的结构，又容易培养，酵母被用作研究真核生物的模式生物。 酿酒酵母被认为是最具潜力的大规模生产菌种。野生型酿酒酵母的主产物为乙醇。
青春双岐杆菌,翻译暂缺,暂无数据,均适宜,暂无介绍
乳酸克鲁维酵母,翻译暂缺,暂无数据,均适宜,乳酸克鲁维酵母（Kluyveromyces lactis）是克鲁维酵母属下的一种酵母菌，研究开始于上世纪50年化末。当时获得的大部分该酵母菌株都分离自系列的牛奶制品中，如马奶酒、希腊奶酪等乳制品。Vander Walt首先在1956年创建了克鲁维酵母属，乳酸克鲁维酵母的名称是为了纪念荷兰微生物学家Albert Jan Kluyver(1888-1956)而命名的。
嗜热链球菌,翻译暂缺,暂无数据,均适宜,嗜热链球菌和布氏乳杆菌都是制作酸奶的必需材料。研究表明这种细菌只能到达小肠的上半部，而不像双歧杆菌那样可以去到大肠。科学家认为活的的酸奶菌（嗜热链球菌和布氏乳杆菌）都能帮助乳糖不耐受的人们消化乳糖，因为这两种菌都能可以产生乳糖酶。
松杉灵芝,翻译暂缺,暂无数据,均适宜,松杉灵芝，别名铁杉灵芝，是非褶菌目灵芝科灵芝属真菌。其生长在落叶松的树干基部，分布于我国温寒带长白山地区，具有一定的药用价值。
婴儿双岐杆菌,翻译暂缺,暂无数据,均适宜,革兰氏阳性，短杆，两端着色，无鞭毛，无芽孢，菌落圆形，乳白色，边缘整齐，化能异养性，厌氧，不液化明胶，可利用乳糖，木糖，甘露糖，棉子糖，蔗糖，果糖，麦芽糖，蜜二糖。接触酶阴性，氧化酶阴性，耐酸，喜温，生长温度25-45℃.
长双岐杆菌,翻译暂缺,暂无数据,均适宜,长双岐杆菌
植物乳杆菌,翻译暂缺,暂无数据,均适宜,"植物乳杆菌是乳酸菌的一种，最适生长温度为30~35,厌氧或兼性厌氧,菌种为直或弯的杆状，单个、有时成对或成链状，最适pH 6. 5左右，属于同型发酵乳酸菌。此菌与其他乳酸菌的区别在于此菌的活菌数比较高，能大量的产酸，使水中的PH值稳定不升高，而且其产出的酸性物质能降解重金属；由于此菌是厌氧细菌（兼性好氧），在繁殖过程中能产出特有的乳酸杆菌素，乳酸杆菌素是一种生物型的防腐剂。在养殖中后期，由于动物的粪便和残饵料增加，会下沉到池塘的底部，并且腐烂，滋生很多病菌，生成大量的氨氮和亚硝酸盐，使底部偷死现象严重。如果长期使用植物乳酸杆菌，就能很好的抑制底部粪便和残饵料的腐烂，也就降低了氨氮和亚硝酸盐的增加，大量减少了化工降解素的用量，使养殖成本降低。"
植物乳杆菌,翻译暂缺,暂无数据,均适宜,"植物乳杆菌是乳酸菌的一种，最适生长温度为30~35,厌氧或兼性厌氧,菌种为直或弯的杆状，单个、有时成对或成链状，最适pH 6. 5左右，属于同型发酵乳酸菌。此菌与其他乳酸菌的区别在于此菌的活菌数比较高，能大量的产酸，使水中的PH值稳定不升高，而且其产出的酸性物质能降解重金属；由于此菌是厌氧细菌（兼性好氧），在繁殖过程中能产出特有的乳酸杆菌素，乳酸杆菌素是一种生物型的防腐剂。在养殖中后期，由于动物的粪便和残饵料增加，会下沉到池塘的底部，并且腐烂，滋生很多病菌，生成大量的氨氮和亚硝酸盐，使底部偷死现象严重。如果长期使用植物乳酸杆菌，就能很好的抑制底部粪便和残饵料的腐烂，也就降低了氨氮和亚硝酸盐的增加，大量减少了化工降解素的用量，使养殖成本降低。"
紫红曲霉,,暂无数据,均适宜,紫红曲霉（Monascus purpureus）是一种腐生真菌，因其能产大量的天然红色素而受到广泛关注，一般存在于树木、土壤和堆积物等环境中。从分类学上来讲，紫红曲霉属于真菌界（Fungi），子囊菌门 （Ascomycota），子囊菌纲 （Ascomycetes），散囊菌目 （Eurotiales），红曲霉科（Monascaceae），红曲霉属（Monascus）。红曲霉属包含有多个菌种，其中，由中国科学院微生物研究所和轻工部食品研究所正式收集编目的8种重要红曲霉便包含了紫红曲霉。紫红曲霉嗜酸，能耐pH3.5，其生长的温度范围为26-42℃。
紫芝,翻译暂缺,暂无数据,均适宜,"紫灵芝（学名：Ganoderma sinense J.D. Zhao, L.W. Hsu & X.Q. Zhang）是灵芝科、灵芝属真菌。担子果一年生，有柄。菌盖半圆形、近圆形或近匙形，表面紫褐色、紫黑色到近黑色；边缘薄或钝，常近似截形，与菌盖同色或较淡或呈淡黄褐色；菌肉呈均匀的褐色到深褐色；菌管褐色、深褐色或灰褐色。菌柄侧生、背侧生或偏生，圆柱形或略扁平。皮壳构造呈典型的拟子实层型，淡褐色到褐色。菌丝系统三体型。担孢子卵圆形，顶端脐突或稍平截，双层壁，外壁无色透明，平滑，内壁淡褐色，具明显小刺。"
桑叶提取物,Mulberry Leaf,暂无数据,均适宜,桑叶提取物以春蚕后期或霜降前桑树枝条上的第1～3位新叶加工的桑叶粉为原料，阴干，粉碎，分别用正丁醇、90%乙醇和水加温浸提，并喷雾干燥而得。
维生素E琥珀酸钙,翻译暂缺,4-6岁人群，每日用量最低值1.5mg（以d-α-生育酚计），最高值9.0mg（以d-α-生育酚计）；,均适宜,暂无介绍
dl -α-生育酚,翻译暂缺,4-6岁人群，每日用量最低值1.5mg（以d-α-生育酚计），最高值9.0mg（以d-α-生育酚计）；,均适宜,暂无介绍
dl -α-醋酸生育酚,翻译暂缺,4-6岁人群，每日用量最低值1.5mg（以d-α-生育酚计），最高值9.0mg（以d-α-生育酚计）；,均适宜,暂无介绍
D-α-琥珀酸生育酚,翻译暂缺,4-6岁人群，每日用量最低值1.5mg（以d-α-生育酚计），最高值9.0mg（以d-α-生育酚计）；,均适宜,暂无介绍
D-α-醋酸生育酚,翻译暂缺,4-6岁人群，每日用量最低值1.5mg（以d-α-生育酚计），最高值9.0mg（以d-α-生育酚计）；,均适宜,暂无介绍
D-α-生育酚,D-alpha-Tocopherol,4-6岁人群，每日用量最低值1.5mg（以d-α-生育酚计），最高值9.0mg（以d-α-生育酚计）；,均适宜,D-α-生育酚为浅黄色粘稠油状液体，无臭无味。不溶于水，易溶于乙醇、乙醚、丙酮、氯仿和油脂。分子式是C29H50O2。密度：0.93。熔点：2.5-3.5oC。沸点：200-220oC (0.07501 mmHg)。闪点：253oC。由1，2，4-三甲苯为原料经碘化、硝化、还原、氧化得2，3，5-三甲基苯醌，然后还原、与叶绿醇等缩合制得。
D-泛酸钙,D-Calcium Pantothenate,1-3岁人群，每日用量最低值0.4mg（以泛酸计），最高值2.0mg（以泛酸计）；,均适宜,右旋冷酸钙，药品名。其性状为白色或微黄色结晶粉末，无臭，味甜而后稍有苦味，主要用于饲料添加剂、食品添加剂和医药行业中的片剂、胶囊、口服液、冲剂等各类制剂。右旋泛酸钙进入动物或人体后，能在体内参与基本代谢功能，参与脂肪酸的合成，降解并释放出大量能量，促进那些对病原体有抵抗力的抗体的合成，促进动物或人体对各种营养物质的吸收和利用。
维生素K2（发酵法）,翻译暂缺,4-6岁人群，每日用量最低值10μg（以七烯甲萘醌计），最高值60μg（以七烯甲萘醌计）；,均适宜,暂无介绍
维生素K1,Vitamin K1,4-6岁人群，每日用量最低值10μg（以植物甲萘醌计），最高值60μg（以植物甲萘醌计）；,均适宜,"维生素K1，又名植物甲萘醌、叶绿基甲萘醌、叶绿醌，化学名称为2-甲基-3-植醇基-1,4-萘醌，是一种多环芳香酮，是一种脂溶性维生素，对空气和潮湿稳定，但在阳光下会被分解。在天然绿色植物中广泛存在。"
抗坏血酸棕榈酸酯,6-O-palmitoyl-L-ascorbic acid,4-6岁人群，每日用量最低值10mg（以L-抗坏血酸计），最高值100mg（以L-抗坏血酸计）；,均适宜,抗坏血酸棕榈酸酯为棕榈酸与L-抗坏血酸等天然成分酯化而成，其化学式为C22H38O7，是一种高效的氧清除剂和增效剂，被世界卫生组织（WHO）食品添加剂委员会评定为具有营养性、无毒、高效、使用安全的食品添加剂，是中国唯一可用于婴幼儿食品的抗氧化剂，本品用于食品可起到抗氧化、食品（油脂）护色、营养强化等功效。
L-抗坏血酸钙,As - Ca; Ascalan;L 一Ascorbic acid calcium salt,1-3岁人群，每日用量最低值6mg（以L-抗坏血酸计），最高值60mg（以L-抗坏血酸计）；,均适宜,"Vc-Ca为白色或淡黄色结晶性粉末,无气味，易溶于水。,实验证明，它不仅比Vc稳定,而且吸收效果好。在体内具有Vc的全部作用,其抗氧化作用优于Vc,且由于Ca的引入，也增强了它的营养强化作用。"
L-抗坏血酸钠,翻译暂缺,1-3岁人群，每日用量最低值6mg（以L-抗坏血酸计），最高值60mg（以L-抗坏血酸计）；,均适宜,L-抗坏血酸钠，分子式为C6H7O6Na，相对分子质量为是由L-抗坏血酸与碳酸氢钠(或碳酸钠)反应制得。其抗氧化作用与L-抗坏血酸相同。在不适宜添加酸性物质的食品中可使用本品，例如牛乳等制品 。
L-抗坏血酸,Vitamin C,1-3岁人群，每日用量最低值6mg（以L-抗坏血酸计），最高值60mg（以L-抗坏血酸计）；,均适宜,"维生素C是一种水溶性维生素，化学命名为L-(+)-苏阿糖型2,3,4,5,6-五羟基-2-己烯酸-4-内酯，又名L-抗坏血酸，分子式为C6H8O6，分子量为176.12。 [1-2]  "
酒石酸胆碱,choline bitartrate,1-3岁人群，每日用量最低值40mg（以胆碱计），最高值240mg（以胆碱计）；,均适宜,酒石酸氢胆碱是一种白色、吸潮性结晶粉末，有酸味，无臭或有不愉快的三甲胺臭；易溶于水，微溶于乙醇，不溶于氯仿、乙醚及苯，可以自制。
D-生物素,翻译暂缺,1-3岁人群，每日用量最低值3μg（以生物素计），最高值15μg（以生物素计）；,均适宜,暂无介绍
叶酸,folic acid,1-3岁人群，每日用量最低值30μg（以叶酸计），最高值150μg（以叶酸计）；,均适宜,叶酸是一种水溶性维生素，分子式是C19H19N7O6。因绿叶中含量十分丰富而得名，又名蝶酰谷氨酸。在自然界中有几种存在形式，其母体化合物是由蝶啶、对氨基苯甲酸和谷氨酸3种成分结合而成。
烟酰胺,Nicotinamide,1-3岁人群，每日用量最低值1.0mg（以烟酰胺计），最高值7.0mg（以烟酰胺计）；,均适宜,烟酰胺（nicotinamide；niacinamide），又称尼克酰胺，是烟酸的酰胺化合物。为白色的结晶性粉末；无臭或几乎无臭，味苦；略有引湿性。在水或乙醇中易溶，在甘油中溶解。临床上主要用于防治糙皮病、口炎、舌炎，病态窦房结综合征，房室传导阻滞等问题。
烟酸,Fat-soluble vitamin,1-3岁人群，每日用量最低值1.0mg（以烟酸计），最高值5.0mg（以烟酸计）；,均适宜,烟酸，化学名称吡啶-3-甲酸，是一种有机化合物，化学式为C6H5NO2，为白色结晶性粉末，主要存在于动物内脏、肌肉组织，水果、蛋黄中也有微量存在，是人体必需的13种维生素之一。烟酸主要用于饲料添加剂，可提高饲料蛋白的利用率，提高奶牛产奶量及鱼、鸡、鸭、牛、羊等禽畜肉产量和质量。烟酸还是一种应用广泛的医药中间体，以其为原料，可以合成多种医药，如尼可刹米和烟酸肌醇酯等。此外，烟酸还在发光材料、染料、电镀行业等领域发挥着不可替代的作用。
氰钴胺,翻译暂缺,1-3岁人群，每日用量最低值0.2μg（以钴胺素计），最高值1.0μg（以钴胺素计）；,均适宜,氰钴胺素是维生素B复合物之一，有强力抗恶性贫血的作用。是对细菌和动物发育所不可缺少的因子维生素B12的结晶所赋予的名称。除含C，H，O，N外，还含有P、Co，为5， 6-二甲基苯并咪唑（dimethe-rbenzimidazole）的a-D-核糖结合体为其结构的一部分。A．R．Todd等提出了结构式，由于氰基是配位于钴上，所以称为氰钴胺素。在水溶液中最大吸收是278，361，548毫微米。1948年美国的E．L．Rickes和英国的E．L．Smith等，各自独立地从肝脏中提取得到结晶。此后，从某种放线菌（StrePtomyces griseum）中也获得了这种物质。
盐酸吡哆醇,Vitamin B6,1-3岁人群，每日用量最低值0.1mg（以吡哆醇计），最高值0.6mg（以吡哆醇计）；,均适宜,白色或类白色的结晶或结晶性粉末；无臭，味酸苦；遇光渐变质。在水中易溶，在乙醇中微溶。水溶液呈微酸性反应。吡哆醇是醇式维生素，是较稳定的一种结构，在酸性或碱性溶液中可耐热。
核黄素5’-磷酸钠,翻译暂缺,1-3岁人群，每日用量最低值0.1mg（以核黄素计），最高值0.6mg（以核黄素计）；,均适宜,暂无介绍
核黄素,Vitamin B2,1-3岁人群，每日用量最低值0.1mg（以核黄素计），最高值0.6mg（以核黄素计）；,均适宜,维生素B2，又叫核黄素，是B族维生素的一种，微溶于水，在中性或酸性溶液中加热是稳定的。为体内黄酶类辅基的组成部分，如缺乏可影响机体的生物氧化，使代谢发生障碍。病变多表现为口、眼和外生殖器部位的炎症，如口角炎、唇炎、舌炎、眼结膜炎和阴囊炎等，故本品常用于上述疾病的防治。体内维生素B2的储存是很有限的，需每天都要由饮食提供补充。维生素B2的两个性质是造成其损失的主要原因：（1）可被光破坏；（2）在碱溶液中加热可被破坏。
硝酸硫胺素,Thiamine Nitrate,1-3岁人群，每日用量最低值0.1mg（以硫胺素计），最高值0.6mg（以硫胺素计）；,均适宜,硝酸硫胺素（Thiamine Nitrate）别名硫胺素硝酸盐、维生素B1硝酸盐，是一种化学物质，白色至微黄色结晶或结晶性粉末。用于米、面、糕点、酱油等中，也用于医药。
盐酸硫胺素,Vitamin B1,1-3岁人群，每日用量最低值0.1mg（以硫胺素计），最高值0.6mg（以硫胺素计）；,均适宜,维生素B1（Vitamin B1，VB1）又称硫胺素，是最早被人们提纯的水溶性维生素，化学名为氯化3-[（4-氨基-2-甲基-5-嘧啶基）-甲基]-5-（2-羟乙基）-4-甲基噻唑f盐酸盐，具有维持正常糖代谢的作用。
维生素D3,Vitamin D3,1-3岁人群，每日用量最低值2.0μg（以胆钙化醇计），最高值10.0μg（以胆钙化醇计）；,均适宜,维生素D3，又名胆钙化醇，是维生素D的一种，胆固醇脱氢后生成的7-脱氢胆固醇经紫外线照射即可形成胆钙化醇，因此也就是说胆钙化醇的维生素D原是7-脱氢胆固醇。
维生素D2,Vitamin D2,1-3岁人群，每日用量最低值2.0μg（以麦角钙化醇计），最高值10.0μg（以麦角钙化醇计）；,均适宜,维生素D2，化学名为麦角钙化醇（Ergocalciferol），是甾体在光化学作用下发生化学键断裂所形成的开环甾体，特别是可以通过紫外线和麦角固醇作用下产生。早期制备的麦角钙化醇也被称为Viosterol。根据美国2011年的诊断指南，麦角钙化醇也许可以作为饮食补充剂来补充维生素D，麦角钙化醇和皮肤在紫外线照射下产生的胆钙化醇（维生素D3）同样有效。麦角钙化醇的商品有多种名称。维生素D2由小肠吸收，其吸收需胆盐与特殊α-球蛋白结合后转运到身体其他部位，贮存于肝和脂肪。代谢、活化首先通过肝脏，其次为肾脏。作用开始时间为12~24小时，治疗效应需10~14天。
β-胡萝卜素,,1-3岁人群，每日用量最低值50μg（以视黄醇计），最高值300μg（以视黄醇计）；,均适宜,β-胡萝卜素（C40H56）是类胡萝卜素之一，是一种橘黄色的脂溶性化合物，它是自然界中最普遍存在也是最稳定的天然色素。 属于天然化学物（例如胡萝卜素或类胡萝卜素）家庭的一员。它在植物中大量地存在，令水果和蔬菜拥有了饱满的黄色和橘色。 纯品外观为红紫色至暗红色结晶性粉末，略有特异臭味。 β-胡萝卜素稀溶液呈橙黄色，易溶于二氯甲烷、氯仿、二硫化碳等有机溶剂。 溶液浓度增大时带橙色，因溶剂的极性可稍带红色。遇氧、热及光不稳定。在弱碱中较稳定。
棕榈酸视黄酯,Vitamin A Palmitate,1-3岁人群，每日用量最低值50μg（以视黄醇计），最高值300μg（以视黄醇计）；,均适宜,棕榈酸视黄酯（Vitamin A Palmitate）是一种化学物质，CAS号：79-81-2，分子量：524.86，PSA：26.30，LogP：11.54，密度：0.92 g/cm3，沸点：607.5oC at 760 mmHg。
醋酸视黄酯,翻译暂缺,1-3岁人群，每日用量最低值50μg（以视黄醇计），最高值300μg（以视黄醇计）；,均适宜,暂无介绍
葡萄糖酸铜,Copper Gluconate,4-6岁人群，每日用量最低值0.1mg（以Cu计），最高值0.3mg（以Cu计）；,均适宜,葡萄糖酸铜 （Copper Gluconate），分子式Cu(C6H11O7)2分子量，453.84，淡蓝色粉末。
硫酸铜,Cupric sulfate,4-6岁人群，每日用量最低值0.1mg（以Cu计），最高值0.3mg（以Cu计）；,均适宜,硫酸铜是一种无机化合物，化学式为CuSO?，无水硫酸铜为白色或灰白色粉末。
L-硒-甲基硒代半胱氨酸,3-(Methylseleno)-L-alanine,4-6岁人群，每日用量最低值5μg（以Se计），最高值30μg（以Se计）；,均适宜,3-(甲基硒基)-L-丙氨酸，是一种有机化合物，化学式为C4H9NO2Se。
富硒酵母,Selenium enriched yeast,4-6岁人群，每日用量最低值5μg（以Se计），最高值30μg（以Se计）；,均适宜,富硒酵母就是在培养酵母的过程中加入硒元素，酵母生长时吸收利用了硒，使硒与酵母体内的蛋白质和多糖有机结合转化为生物硒，从而消除了化学硒（如亚硒酸钠）对人体的毒副反应和肠胃刺激，使硒能够更高效、更安全地被人体吸收利用。
亚硒酸钠,Sodium selenite,4-6岁人群，每日用量最低值5μg（以Se计），最高值30μg（以Se计）；,均适宜,亚硒酸钠，是一种无机化合物，化学式为Na2SeO3。
乳酸锌,Zinc lactate,1-3岁人群，每日用量最低值0.8mg（以Zn计），最高值3.0mg（以Zn计）；,均适宜,乳酸锌（Zinc lactate）是一种有机盐，分子式为C6H10O6Zn，分子量为243.53，锌元素含量占乳酸锌的22.2%。
氧化锌,Zinc oxide,1-3岁人群，每日用量最低值0.8mg（以Zn计），最高值3.0mg（以Zn计）；,均适宜,氧化锌，是一种无机化合物，化学式为ZnO，是锌的一种氧化物，不溶于水、乙醇，溶于酸、氢氧化钠水溶液、氯化铵，是一种常用的化学添加剂，广泛地应用于塑料、硅酸盐制品、合成橡胶、润滑油、油漆涂料、药膏、粘合剂、食品、电池、阻燃剂等产品的制作中。氧化锌的能带隙和激子束缚能较大，透明度高，有优异的常温发光性能，在半导体领域的液晶显示器、薄膜晶体管、发光二极管等产品中均有应用。此外，微颗粒的氧化锌作为一种纳米材料也开始在相关领域发挥作用。
葡萄糖酸锌,Zinc Gluconate,1-3岁人群，每日用量最低值0.8mg（以Zn计），最高值3.0mg（以Zn计）；,均适宜,葡萄糖酸锌，化学式为C12H22O14Zn，是葡萄糖酸的锌盐，常温下为白色结晶或颗粒性粉末，无臭，味微涩，在沸水中极易溶解，在水中溶解，在无水乙醇、三氯甲烷或乙醚中不溶。临床上适用于小儿厌食症、各种皮肤痤疮、复发性阿弗口腔溃疡等缺锌性疾病。
柠檬酸锌（三水）,翻译暂缺,1-3岁人群，每日用量最低值0.8mg（以Zn计），最高值3.0mg（以Zn计）；,均适宜,暂无介绍
柠檬酸锌,Zinc Citrate,1-3岁人群，每日用量最低值0.8mg（以Zn计），最高值3.0mg（以Zn计）；,均适宜,枸橼酸锌，是一种有机化合物，化学式为C12H14O16Zn3，主要用作补锌药。
硫酸锌,Zinc Sulfate,1-3岁人群，每日用量最低值0.8mg（以Zn计），最高值3.0mg（以Zn计）；,均适宜,硫酸锌是一种无机化合物，化学式为ZnSO4，无色或白色结晶、颗粒或粉末。
琥珀酸亚铁,"butanedioate,iron(2+)",4-6岁人群，每日用量最低值2.0mg（以Fe计），最高值8.0mg（以Fe计）；,均适宜,琥珀酸亚铁用于治疗缺铁性贫血。
乳酸亚铁,Ferrous lactate,4-6岁人群，每日用量最低值2.0mg（以Fe计），最高值8.0mg（以Fe计）；,均适宜,乳酸亚铁是一种有机物，化学式为C6H10FeO6，绿白色结晶性粉末或结晶。稍有异臭，略有甜的金属味。本品受潮或其水溶液氧化后变为含正铁盐的黄褐色。光照可促进氧化。铁离子与其他食品添加剂反应易着色。溶于水，成带绿色的透明液体，呈酸性。几乎不溶于乙醇。
硫酸亚铁,Ferrous sulfate,1-3岁人群，每日用量最低值1.5mg（以Fe计），最高值7.0mg（以Fe计）；,均适宜,硫酸亚铁是一种无机物，化学式为FeSO4，外观为白色粉末无气味。其结晶水合物为在常温下为七水合物，俗称“绿矾”，浅绿色晶体，在干燥空气中风化，在潮湿空气中表面氧化成棕色的碱式硫酸铁，在56.6℃成为四水合物，在65℃时成为一水合物。硫酸亚铁可溶于水，几乎不溶于乙醇。其水溶液冷时在空气中缓慢氧化，在热时较快氧化。加入碱或露光能加速其氧化。相对密度(d15)1.897。 有刺激性。硫酸亚铁可用于色谱分析试剂、点滴分析测定铂、硒、亚硝酸盐和硝酸盐。硫酸亚铁还可以作为还原剂、制造铁氧体、净水、聚合催化剂、照相制版等。
富马酸亚铁,Iron(II) fumarate,1-3岁人群，每日用量最低值1.5mg（以Fe计），最高值7.0mg（以Fe计）；,均适宜,富马酸亚铁是治疗贫血药物的一种。提高抗应激能力和抗病能力，与各种营养物质、抗生素相容性好，具有协同作用。能有效避免添加无机铁对维生素等活性物质的破坏。
葡萄糖酸亚铁,Ferrous Gluconate,1-3岁人群，每日用量最低值1.5mg（以Fe计），最高值7.0mg（以Fe计）；,均适宜,葡萄糖酸亚铁，分子式为C12H22O14Fe・2H2O，相对分子质量为482.18。在食品中可用作护色剂、营养强化剂，可由还原铁中和葡萄糖酸而成。葡萄糖酸亚铁的特点是生物利用率高，在水中溶解性好，风味平和无涩味，在乳饮料中强化较多，但也容易引起食品色泽和风味变化，一定程度上限制了其应用 。
葡萄糖酸锰,翻译暂缺,4-6岁人群，每日用量最低值0.3mg（以Mn计），最高值1.5mg（以Mn计）；,均适宜,C12H22MnO14・2H2O二水
硫酸锰,Manganese sulphate,4-6岁人群，每日用量最低值0.3mg（以Mn计），最高值1.5mg（以Mn计）；,均适宜,硫酸锰，是一种无机化合物，化学式为MnSO4，常用作微量分析试剂、媒染剂和油漆干燥剂。
碳酸钾,Potassium carbonate,4-6岁人群，每日用量最低值250mg（以K计），最高值1200mg（以K计）；,均适宜,碳酸钾是一种无机物，化学式为K2CO3，分子量为138.206，呈白色结晶粉末，密度2.428g/cm3，熔点891℃。易溶于水，水溶液呈碱性，不溶于乙醇、丙酮和乙醚。吸湿性强，暴露在空气中能吸收二氧化碳和水分，转变为碳酸氢钾，应密封包装。
柠檬酸钾,Potassium citrate,4-6岁人群，每日用量最低值250mg（以K计），最高值1200mg（以K计）；,均适宜,柠檬酸钾，是一种有机化合物， 化学式为C6H5K3O7，为白色结晶性粉末，易溶于水和甘油，不溶于乙醇，主要作防腐剂、稳定剂和pH缓冲剂等。
氯化钾,Potassium chloride,4-6岁人群，每日用量最低值250mg（以K计），最高值1200mg（以K计）；,均适宜,氯化钾是一种无机化合物，化学式为KCl，外观如同食盐，无臭、味咸。常用于低钠盐、矿物质水的添加剂。氯化钾是临床常用的电解质平衡调节药，临床疗效确切，广泛运用于临床各科。
磷酸二氢钾,Potassium dihydrogen phosphate,4-6岁人群，每日用量最低值250mg（以K计），最高值1200mg（以K计）；,均适宜,磷酸二氢钾，是一种无机化合物，化学式为KH2PO4，有潮解性，加热至400℃时熔化而成透明的液体，冷却后固化为不透明的玻璃状偏磷酸钾。空气中稳定，溶于水，不溶于乙醇。工业上用作缓冲剂、培养剂，也用作细菌培养剂合成清酒的调味剂，制偏磷酸钾的原料，酿造酵母的培养剂、强化剂、膨松剂、发酵助剂，农业上用作高效磷钾复合肥。
磷酸氢二钾,Dipotassium hydrogenphosphate,4-6岁人群，每日用量最低值250mg（以K计），最高值1200mg（以K计）；,均适宜,磷酸氢二钾，是一种无机化合物，化学式为K2HPO4，为白色结晶性或无定形粉末，易溶于水，微溶于醇，主要用作防冻剂的缓蚀剂、抗生素培养基的营养剂、发酵工业的磷钾调节剂、饲料添加剂等。
L-苏糖酸镁,"Bis[(2R,3S)-2,3,4-trihydroxybutanoato-alphaO,alphaO']magnesium",4-6岁人群，每日用量最低值30mg（以Mg计），最高值200mg（以Mg计）；,均适宜,L-苏糖酸镁（简称 MgT，发音为“Mag T”），是一种化学物质。刘国松教授与清华大学和麻省理工团队共同发现。
氯化镁,magnesium chloride,4-6岁人群，每日用量最低值30mg（以Mg计），最高值200mg（以Mg计）；,均适宜,氯化镁是一种无机物，化学式MgCl2，分子量为95.211，呈无色片状晶体，微溶于丙酮，溶于水、乙醇、甲醇、吡啶。在湿空气中潮解并发烟，在氢气的气流中白热时则升华。氯化镁主要分布在国内的柴达木的盐湖中。 青海格尔木察尔汗盐湖国家矿山公园是我国最大的天然盐湖、最大的可溶性钾镁盐矿床，也是研究钾镁盐矿形成的世界级天然实验室。氯化镁储量16.5亿吨。 [8-9]  
氧化镁,Magnesium oxide,4-6岁人群，每日用量最低值30mg（以Mg计），最高值200mg（以Mg计）；,均适宜,氧化镁（Magnesium oxide），是一种无机化合物，化学式为MgO，是镁的氧化物，是一种离子化合物，常温下为白色固体。氧化镁以方镁石形式存在于自然界中，是冶镁的原料。
硫酸镁,magnesium sulphate,4-6岁人群，每日用量最低值30mg（以Mg计），最高值200mg（以Mg计）；,均适宜,硫酸镁，是一种含镁的化合物，分子式为MgSO4，是一种常用的化学试剂及干燥试剂，为无色或白色晶体或粉末，无臭、味苦，有潮解性。 临床用于导泻、利胆、抗惊厥、子痫、破伤风、高血压等症。。也可以用作制革、炸药、造纸、瓷器、肥料等。
碳酸镁,Magnesium carbonate,4-6岁人群，每日用量最低值30mg（以Mg计），最高值200mg（以Mg计）；,均适宜,碳酸镁是一种无机化合物，化学式为MgCO3，分子量84.31，相对密度3.037 。外观为白色颗粒性粉末。在350℃时分解，在700℃时失去二氧化碳 。微溶于冷水，缓慢溶于酸中。其三水合物为无色针状晶体，熔点165℃，相对密度1.850。其五水合物为白色单斜系晶体，相对密度1.73，在空气中加热分解。可由镁盐水溶液中一边通入二氧化碳，一边加入碳酸钠，得水合物，将水合物在50℃以下干燥可得无水物。 [2-3]  
甘油磷酸钙,Glycerophosphoric acid calcium salt,4-6岁人群，每日用量最低值150mg（以Ca计），最高值700mg（以Ca计）；,均适宜,白色或微黄色结晶性粉末，无臭，几乎无气味，稍有苦味。在空气中微有吸湿性。130℃时失去结晶水形成无水物，于170℃以上分解。每g溶于约50ml25℃水。温度较低时更易溶于水，水溶液呈碱性。不溶于乙醇，能溶于甘油。柠檬酸或乳酸能提高其在水中的溶解度，但加热时易分解。常用于食品用钙强化剂，用于面包、面粉、面条、豆乳等。用量在1%以下。
L-乳酸钙,calcium (S)-2-hydroxypropionate,1-3岁人群，每日用量最低值120mg（以Ca计），最高值500mg（以Ca计）；,均适宜,L-乳酸钙是化学物质，分子式是2(C3H5O3)CA。
硫酸钙,calcium sulfate,1-3岁人群，每日用量最低值120mg（以Ca计），最高值500mg（以Ca计）；,均适宜,硫酸钙（calcium sulfate）是一种无机化合物，化学式为CaSO4，白色结晶性粉末，无臭，具涩味，密度2.960克/立方厘米，微溶于水、甘油，不溶于乙醇。 [1-3]   
磷酸三钙|磷酸钙,翻译暂缺,1-3岁人群，每日用量最低值120mg（以Ca计），最高值500mg（以Ca计）；,均适宜,暂无介绍
磷酸二氢钙,monocalcium phosphate,4-6岁人群，每日用量最低值150mg（以Ca计），最高值700mg（以Ca计）；,均适宜,磷酸二氢钙，是一种无机化合物，化学式为Ca(H2PO4)2，为白色结晶性粉末，易溶于盐酸、硝酸，微溶于冷水，几乎不溶于乙醇，主要用作食品的膨松剂与钙强化剂、酒的调味剂、发酵促进剂等。
磷酸氢钙,Calcium hydrogen phosphate,1-3岁人群，每日用量最低值120mg（以Ca计），最高值500mg（以Ca计）；,均适宜,磷酸氢钙，是一种无机化合物，化学式为CaHPO4，为白色结晶性粉末，易溶于稀盐酸、稀硝酸、醋酸，微溶于水，不溶于乙醇，主要用作食品添加剂。
乳酸钙,Calcium Lactate,4-6岁人群，每日用量最低值150mg（以Ca计），最高值700mg（以Ca计）；,均适宜,乳酸钙（Calcium lactate）是一种有机化合物，分子式为C6H10CaO6。常用作补钙剂，具有促进骨骼及牙齿的钙化形成、维持神经与肌肉的正常兴奋性和降低毛细血管通透性等作用。因其溶解度较小，一般仅供口服给药。
葡萄糖酸钙,Calcium Gluconate,1-3岁人群，每日用量最低值120mg（以Ca计），最高值500mg（以Ca计）；,均适宜,葡萄糖酸钙是一种有机钙盐，化学式为C12H22O14Ca，外观为白色结晶性或颗粒性粉末，熔点201℃（分解），无臭，无味，易溶于沸水（20g/100mL），略溶于冷水（3g/100mL，20℃），不溶于乙醇或乙醚等有机溶剂。水溶液显中性（pH约6-7）。葡萄糖酸钙主要用作食品的钙强化剂与营养剂、缓冲剂、固化剂、鳌合剂。
柠檬酸钙,Calcium citrate,1-3岁人群，每日用量最低值120mg（以Ca计），最高值500mg（以Ca计）；,均适宜,柠檬酸钙是一种有机化合物，化学式为C12H10Ca3O14，
氯化钙,Calcium chloride,1-3岁人群，每日用量最低值120mg（以Ca计），最高值500mg（以Ca计）；,均适宜,氯化钙是一种由氯元素和钙元素组成的化学物质，化学式为CaCl2，微苦。它是典型的离子型卤化物，室温下为白色、硬质碎块或颗粒。它常见应用包括制冷设备所用的盐水、道路融冰剂和干燥剂。
醋酸钙,Calcium acetate,4-6岁人群，每日用量最低值150mg（以Ca计），最高值700mg（以Ca计）；,均适宜,乙酸钙是钙的乙酸盐，化学式为C4H6CaO4。乙酸钙的常用名是醋酸钙。无水乙酸钙的吸湿性非常好，因此常见的乙酸钙都以一水合物（Ca(CH3COO)2.H2O，CAS [5743-26-0]）的形式存在。
碳酸钙,Calcium carbonate,1-3岁人群，每日用量最低值120mg（以Ca计），最高值500mg（以Ca计）；,均适宜,碳酸钙是一种无机化合物，化学式为CaCO?，是石灰石、大理石等的主要成分。碳酸钙通常为白色晶体，无味，基本上不溶于水，易与酸反应放出二氧化碳 。它是地球上常见物质之一，存在于霰石、方解石、白垩、石灰岩、大理石、石灰华等岩石内，亦为某些动物骨骼或外壳的主要成分。碳酸钙也是重要的建筑材料，工业上用途甚广 。
牛乳蛋白粉,翻译暂缺,暂无数据,均适宜,暂无介绍
中长链脂肪酸结构油|中长链脂肪酸食用油,翻译暂缺,暂无数据,均适宜,暂无介绍
中长碳链甘油三酯,翻译暂缺,暂无数据,均适宜,暂无介绍
鱼油,翻译暂缺,暂无数据,均适宜,鱼油是一种从多脂鱼类中提取的油脂，富含二十碳五烯酸（EPA）和二十二碳六烯酸（DHA，俗称脑黄金）多种n-3系多不饱和脂肪酸（n-3PUFA）。
乳清发酵物（原液）,翻译暂缺,暂无数据,均适宜,暂无介绍
裂壶藻来源的DHA藻油,翻译暂缺,暂无数据,均适宜,暂无介绍
山参组培不定根,翻译暂缺,暂无数据,均适宜,暂无介绍
人参组织培养物（后更名为人参组培不定根）,翻译暂缺,暂无数据,均适宜,暂无介绍
连翘叶,翻译暂缺,暂无数据,均适宜,暂无介绍
苦水玫瑰,翻译暂缺,暂无数据,均适宜,苦水玫瑰，甘肃省永登县特产，中国国家地理标志产品。 [1-3]   
楂鱼油,,暂无数据,均适宜,楂鱼油是楂鱼经屠宰后，将不含脏器的组织经压榨、精炼等工艺而制成的油脂，包括：楂鱼油、楂鱼油硬脂（分提后的高熔点部分）、楂鱼油软脂（分提后的低熔点部分）。
益圣堂牌天瓜粉|天瓜粉,翻译暂缺,暂无数据,均适宜,暂无介绍
星油藤蛋白粉|美藤果蛋白,翻译暂缺,暂无数据,均适宜,暂无介绍
燕麦苗,翻译暂缺,暂无数据,均适宜,暂无介绍
乳清发酵物（粉末）,翻译暂缺,暂无数据,均适宜,暂无介绍
荞麦苗|苦荞麦苗,翻译暂缺,暂无数据,均适宜,暂无介绍
浓缩牛奶蛋白,翻译暂缺,暂无数据,均适宜,暂无介绍
牛奶磷脂,翻译暂缺,暂无数据,均适宜,暂无介绍
酶解骨粉,翻译暂缺,暂无数据,均适宜,暂无介绍
马铃薯提取物,翻译暂缺,暂无数据,均适宜,暂无介绍
焦糖浆,翻译暂缺,暂无数据,均适宜,焦糖浆以白糖、凉水为原料的菜品主料的食品
焦糖粉,翻译暂缺,暂无数据,均适宜,暂无介绍
非变性Ⅱ型胶原蛋白|含Ⅱ型胶原蛋白软骨粉,翻译暂缺,暂无数据,均适宜,暂无介绍
弹性蛋白（又更名为鲣鱼弹性蛋白肽）,翻译暂缺,暂无数据,均适宜,暂无介绍
忧遁草（后更名为鳄嘴花）,翻译暂缺,暂无数据,均适宜,暂无介绍
大豆低聚糖,翻译暂缺,暂无数据,均适宜,暂无介绍
白芸豆提取物,翻译暂缺,暂无数据,均适宜,暂无介绍
亚麻籽,翻译暂缺,暂无数据,均适宜,亚麻籽为亚麻科亚麻属一年生草本植物，籽粒形状呈扁卵形，前端像鸟嘴形状状，表面平滑、红润有光泽。一侧较薄，一端钝圆，表面棕色，平滑而有光泽；扩大镜下可见微小的凹点，种脐在尖端凹入部分，种皮较薄，除去后，可看到棕色薄膜状的胚乳，胚根朝向种子的尖端。以色红棕、饱满、纯净者为佳，花期为5～6月，果期6~9月。
酪蛋白酸钾（钙、镁、钠）,翻译暂缺,暂无数据,均适宜,暂无介绍
雪菊,翻译暂缺,暂无数据,均适宜,暂无介绍
乳木果油,翻译暂缺,暂无数据,均适宜,暂无介绍
国家一级和二级保护野生动植物及其产品,翻译暂缺,暂无数据,均适宜,暂无介绍
大豆异黄酮,翻译暂缺,暂无数据,均适宜,暂无介绍
薰衣草,翻译暂缺,暂无数据,均适宜,暂无介绍
野生苁蓉和雪莲,翻译暂缺,暂无数据,均适宜,暂无介绍
野生苁蓉,翻译暂缺,暂无数据,均适宜,暂无介绍
野生麻黄草,翻译暂缺,暂无数据,均适宜,暂无介绍
野生甘草,翻译暂缺,暂无数据,均适宜,暂无介绍
L-精氨酸,L(+)-Arginine,暂无数据,均适宜,L-精氨酸是一种有机化合物，分子式是C6H14N4O2，对成人为非必需氨基酸，但体内生成速度较慢，对婴幼儿为必需氨基酸，有一定解毒作用。其大量存在于鱼精蛋白等中，亦为各种蛋白质的基本组成，存在十分广泛。
